,Age,Experience,Income,Family,CCAvg,Education,Mortgage,Personal Loan,Securities Account,CD Account,Online,CreditCard
0,25,1,49,4,1.6,1,0,0,1,0,0,0
1,45,19,34,3,1.5,1,0,0,1,0,0,0
2,39,15,11,1,1.0,1,0,0,0,0,0,0
3,35,9,100,1,2.7,2,0,0,0,0,0,0
4,35,8,45,4,1.0,2,0,0,0,0,0,1
5,37,13,29,4,0.4,2,155,0,0,0,1,0
6,53,27,72,2,1.5,2,0,0,0,0,1,0
7,50,24,22,1,0.3,3,0,0,0,0,0,1
8,35,10,81,3,0.6,2,104,0,0,0,1,0
9,34,9,180,1,8.9,3,0,1,0,0,0,0
10,65,39,105,4,2.4,3,0,0,0,0,0,0
11,29,5,45,3,0.1,2,0,0,0,0,1,0
12,48,23,114,2,3.8,3,0,0,1,0,0,0
13,59,32,40,4,2.5,2,0,0,0,0,1,0
14,67,41,112,1,2.0,1,0,0,1,0,0,0
15,60,30,22,1,1.5,3,0,0,0,0,1,1
16,38,14,130,4,4.7,3,134,1,0,0,0,0
17,42,18,81,4,2.4,1,0,0,0,0,0,0
18,46,21,193,2,8.1,3,0,1,0,0,0,0
19,55,28,21,1,0.5,2,0,0,1,0,0,1
20,56,31,25,4,0.9,2,111,0,0,0,1,0
21,57,27,63,3,2.0,3,0,0,0,0,1,0
22,29,5,62,1,1.2,1,260,0,0,0,1,0
23,44,18,43,2,0.7,1,163,0,1,0,0,0
24,36,11,152,2,3.9,1,159,0,0,0,0,1
25,43,19,29,3,0.5,1,97,0,0,0,1,0
26,40,16,83,4,0.2,3,0,0,0,0,0,0
27,46,20,158,1,2.4,1,0,0,0,0,1,1
28,56,30,48,1,2.2,3,0,0,0,0,1,1
29,38,13,119,1,3.3,2,0,1,0,1,1,1
30,59,35,35,1,1.2,3,122,0,0,0,1,0
31,40,16,29,1,2.0,2,0,0,0,0,1,0
32,53,28,41,2,0.6,3,193,0,0,0,0,0
33,30,6,18,3,0.9,3,0,0,0,0,0,0
34,31,5,50,4,1.8,3,0,0,0,0,1,0
35,48,24,81,3,0.7,1,0,0,0,0,0,0
36,59,35,121,1,2.9,1,0,0,0,0,0,1
37,51,25,71,1,1.4,3,198,0,0,0,0,0
38,42,18,141,3,5.0,3,0,1,1,1,1,0
39,38,13,80,4,0.7,3,285,0,0,0,1,0
40,57,32,84,3,1.6,3,0,0,1,0,0,0
41,34,9,60,3,2.3,1,0,0,0,0,0,0
42,32,7,132,4,1.1,2,412,1,0,0,1,0
43,39,15,45,1,0.7,1,0,0,0,0,1,0
44,46,20,104,1,5.7,1,0,0,0,0,1,1
45,57,31,52,4,2.5,1,0,0,0,0,0,1
46,39,14,43,3,0.7,2,153,0,0,0,1,0
47,37,12,194,4,0.2,3,211,1,1,1,1,1
48,56,26,81,2,4.5,3,0,0,0,0,0,1
49,40,16,49,1,1.8,1,0,0,0,0,0,1
50,32,8,8,4,0.7,2,0,0,1,0,1,0
51,61,37,131,1,2.9,1,0,0,0,0,1,0
52,30,6,72,1,0.1,1,207,0,0,0,0,0
53,50,26,190,3,2.1,3,240,1,0,0,1,0
54,29,5,44,1,0.2,3,0,0,0,0,1,0
55,41,17,139,2,8.0,1,0,0,0,0,1,0
56,55,30,29,3,0.1,2,0,0,1,1,1,0
57,56,31,131,2,1.2,3,0,1,0,0,0,0
58,28,2,93,2,0.2,1,0,0,0,0,0,0
59,31,5,188,2,4.5,1,455,0,0,0,0,0
60,49,24,39,3,1.7,2,0,0,1,0,1,0
61,47,21,125,1,5.7,1,112,0,1,0,0,0
62,42,18,22,1,1.0,1,0,0,0,0,0,0
63,42,17,32,4,0.0,2,0,0,0,0,1,0
64,47,23,105,2,3.3,1,0,0,0,0,0,0
65,59,35,131,1,3.8,1,0,0,0,0,1,1
66,62,36,105,2,2.8,1,336,0,0,0,0,0
67,53,23,45,4,2.0,3,132,0,1,0,0,0
68,47,21,60,3,2.1,1,0,0,0,0,1,1
69,53,29,20,4,0.2,1,0,0,0,0,1,0
70,42,18,115,1,3.5,1,0,0,0,0,0,1
71,53,29,69,4,1.0,2,0,0,0,0,1,0
72,44,20,130,1,5.0,1,0,0,0,0,0,1
73,41,16,85,1,4.0,3,0,0,0,0,1,1
74,28,3,135,2,3.3,1,0,0,0,0,0,1
75,31,7,135,4,3.8,2,0,1,0,1,1,1
76,58,32,12,3,0.3,3,0,0,0,0,0,0
77,46,20,29,3,0.5,2,0,0,0,0,0,0
78,54,30,133,2,2.6,3,0,1,0,0,0,0
79,50,26,19,2,0.4,1,118,0,0,0,1,0
80,60,36,41,4,1.3,1,174,0,0,0,1,1
81,47,22,40,3,2.7,2,0,0,0,0,1,0
82,41,16,82,1,4.0,3,0,0,0,0,1,0
83,33,9,50,1,2.4,2,0,0,0,0,0,0
84,46,22,18,1,0.9,3,0,0,0,0,1,0
85,27,2,109,4,1.8,3,0,0,0,0,0,0
86,40,16,42,4,2.2,2,126,0,0,0,0,0
87,48,22,78,3,1.1,1,0,0,0,0,1,0
88,65,41,51,2,1.1,1,0,0,0,0,1,0
89,25,-1,113,4,2.3,3,0,0,0,0,0,1
90,55,30,118,4,5.6,2,0,1,0,0,1,0
91,35,10,29,4,1.1,3,0,0,0,0,1,0
92,43,19,34,3,0.6,2,0,0,0,0,0,0
93,60,34,64,2,1.7,3,236,0,1,0,1,0
94,65,39,121,1,2.0,1,0,0,0,0,0,0
95,38,12,48,4,0.2,3,0,0,0,0,1,0
96,41,15,80,1,5.2,1,0,0,0,0,0,0
97,54,28,161,1,2.9,1,0,0,0,0,1,0
98,49,23,94,1,0.3,1,0,0,0,0,1,0
99,66,41,15,3,0.1,3,0,0,0,0,1,0
100,48,23,74,1,1.2,1,0,0,0,0,1,0
101,61,36,30,3,1.3,2,0,0,0,0,0,0
102,53,23,44,3,1.0,3,198,0,0,0,1,1
103,43,18,22,2,0.3,2,0,0,0,0,1,0
104,56,32,38,4,1.3,1,166,0,0,0,1,1
105,24,0,35,3,0.1,2,0,0,1,0,1,0
106,43,17,69,4,2.9,1,0,0,0,0,1,1
107,42,18,43,1,0.7,1,136,0,0,0,0,0
108,33,7,32,1,0.6,3,166,0,0,0,1,0
109,43,17,49,1,2.8,1,0,0,0,0,1,0
110,41,14,9,3,1.0,2,0,0,0,0,0,0
111,62,38,45,4,1.3,2,0,0,0,0,1,0
112,40,15,82,3,1.0,1,309,0,0,0,0,0
113,58,34,92,2,2.8,1,103,0,0,0,0,0
114,39,14,39,3,0.5,3,0,0,0,0,1,0
115,65,40,81,3,1.8,2,0,0,0,0,1,0
116,54,29,35,1,1.5,2,0,0,0,0,1,0
117,58,33,61,2,2.3,3,193,0,0,0,1,0
118,41,16,73,3,3.0,1,0,0,0,0,1,0
119,32,7,112,1,4.6,1,366,0,0,0,0,0
120,54,29,12,2,0.2,3,0,0,0,0,1,0
121,52,26,38,3,0.9,3,0,0,0,0,1,0
122,58,32,73,2,0.7,2,0,0,0,0,1,1
123,37,13,84,1,3.6,2,0,0,1,0,0,0
124,39,15,78,4,2.4,1,118,0,0,0,1,0
125,60,35,80,3,0.5,1,0,0,0,0,1,0
126,31,5,115,2,1.3,1,101,0,0,0,1,1
127,34,8,82,1,2.7,2,251,0,0,0,1,0
128,38,14,74,2,0.0,1,0,0,1,0,1,0
129,41,16,70,3,0.5,3,0,0,0,0,0,1
130,28,4,81,3,1.5,1,276,0,0,0,1,0
131,58,34,149,4,7.2,2,0,1,0,1,1,1
132,31,1,51,2,1.75,3,0,0,0,0,0,0
133,30,4,39,3,1.1,2,0,0,0,0,1,0
134,53,29,98,3,1.8,2,0,0,0,0,0,0
135,58,33,45,4,2.1,1,0,0,0,0,1,1
136,59,32,49,4,2.5,2,0,0,0,0,1,0
137,49,25,128,2,0.4,1,0,0,0,0,0,0
138,59,34,42,3,1.5,1,0,0,1,1,0,1
139,59,35,18,1,1.2,3,0,0,0,0,1,0
140,51,25,31,2,0.4,3,161,0,0,0,1,1
141,35,11,58,3,2.0,1,149,0,0,0,1,1
142,33,9,48,1,2.1,3,0,0,0,0,0,1
143,25,1,54,4,1.6,1,0,0,0,0,1,1
144,49,23,70,2,1.5,2,0,0,0,0,0,0
145,59,35,124,1,7.4,1,0,0,0,0,0,1
146,46,19,84,1,2.67,2,0,0,0,0,1,1
147,50,25,83,4,3.6,3,188,0,0,0,1,0
148,52,28,163,2,0.4,1,116,0,0,0,1,0
149,48,22,42,3,2.2,2,0,0,0,0,0,0
150,46,22,118,2,7.5,1,0,0,0,1,1,1
151,26,0,132,3,6.5,3,0,1,0,0,0,1
152,57,32,24,1,1.3,1,0,0,0,0,1,1
153,60,36,22,2,1.0,1,0,0,1,1,1,1
154,54,29,58,4,1.3,3,0,0,0,0,0,0
155,24,0,60,4,1.6,1,0,0,0,0,1,0
156,26,0,15,4,0.4,1,0,0,0,0,0,1
157,41,17,83,4,2.67,1,0,0,0,0,1,1
158,32,6,79,2,1.5,3,0,0,0,0,1,1
159,61,35,41,4,1.7,2,0,0,1,0,1,0
160,29,0,134,4,6.5,3,0,1,0,0,0,0
161,61,35,80,2,2.8,1,0,0,0,0,1,0
162,38,12,52,1,2.0,1,0,0,0,0,0,0
163,28,4,70,4,2.6,1,0,0,0,0,1,0
164,53,27,92,2,1.1,1,0,0,1,0,0,0
165,27,1,43,1,1.5,1,0,0,0,0,1,0
166,25,1,21,3,1.0,2,0,0,0,0,0,0
167,33,9,23,3,0.9,3,0,0,0,0,1,1
168,50,26,13,4,1.0,1,0,0,0,0,1,0
169,27,1,112,4,2.1,3,0,0,0,0,0,1
170,27,1,138,2,2.0,1,0,0,0,0,1,0
171,52,28,11,3,0.4,1,0,0,1,0,0,0
172,38,13,171,2,7.8,1,0,0,0,0,1,0
173,58,34,42,4,1.5,1,0,0,0,0,1,1
174,42,17,168,2,7.9,2,0,1,0,0,1,0
175,45,20,85,4,1.1,2,0,0,1,0,1,0
176,52,25,44,3,1.0,2,135,0,0,0,1,0
177,29,3,65,4,1.8,2,244,0,0,0,0,0
178,53,29,24,4,0.2,1,0,0,0,0,1,1
179,62,37,11,1,0.1,1,0,0,0,0,1,0
180,51,27,38,2,1.0,3,164,0,0,0,1,0
181,36,12,10,4,0.7,2,81,0,0,0,0,0
182,24,0,135,1,1.5,1,0,0,0,0,1,0
183,29,3,148,3,4.1,1,0,1,0,0,1,0
184,52,26,63,2,1.5,2,0,0,1,0,1,0
185,39,14,115,1,1.0,3,0,0,0,0,1,0
186,48,23,45,1,0.3,1,0,0,0,0,1,1
187,46,21,159,3,1.9,3,315,1,0,0,1,0
188,64,40,169,2,2.1,1,122,0,0,0,1,0
189,55,29,112,2,1.4,1,0,0,0,0,1,0
190,60,36,93,1,4.3,1,0,0,0,0,1,0
191,51,25,29,1,0.3,3,140,0,0,0,0,0
192,50,23,85,1,2.67,2,0,0,0,0,1,0
193,48,24,21,4,0.6,1,0,0,0,0,1,1
194,53,29,144,2,6.8,1,0,0,0,0,1,0
195,34,10,13,4,1.0,1,95,0,1,0,1,0
196,48,24,165,1,5.0,1,0,0,0,0,0,1
197,55,31,9,4,0.7,1,89,0,0,0,1,0
198,27,3,59,4,0.0,1,90,0,1,0,1,0
199,36,11,158,1,5.1,3,0,1,0,1,1,1
200,32,6,29,1,1.9,3,0,0,0,0,1,1
201,35,9,20,2,1.4,3,0,0,0,0,1,1
202,30,3,68,4,2.0,2,0,0,0,0,1,0
203,58,34,65,4,2.2,1,0,0,0,0,1,0
204,56,31,61,2,1.9,2,105,0,0,0,0,0
205,38,12,91,4,1.4,2,100,0,0,0,0,1
206,49,25,31,1,1.0,1,0,0,1,0,1,0
207,34,10,71,4,0.1,2,0,0,0,0,0,0
208,40,16,73,4,2.67,1,0,0,0,0,1,1
209,64,39,172,4,3.1,1,282,1,0,1,1,1
210,51,26,20,2,0.0,1,0,0,0,0,0,0
211,44,18,55,1,0.2,1,0,0,0,0,0,0
212,46,22,69,2,1.7,1,209,0,0,0,0,0
213,57,33,155,1,7.4,1,0,0,0,0,1,0
214,54,28,94,1,1.9,2,0,0,0,0,0,0
215,38,14,92,2,0.0,1,249,0,0,0,1,1
216,27,3,125,2,0.6,1,0,0,0,0,0,0
217,39,14,74,3,3.0,1,0,0,0,0,0,0
218,44,20,72,3,0.3,3,0,0,0,0,1,0
219,56,30,61,1,2.2,3,0,0,0,0,1,1
220,32,6,25,2,0.3,1,0,0,0,0,0,1
221,45,19,83,2,1.7,2,0,0,0,0,1,0
222,26,2,104,3,2.5,1,0,0,0,0,0,0
223,55,25,41,3,1.0,3,0,0,0,0,1,0
224,52,27,58,4,1.8,3,91,0,0,0,0,0
225,39,13,93,1,1.5,3,0,0,0,0,0,1
226,24,-1,39,2,1.7,2,0,0,0,0,0,0
227,47,23,148,2,7.5,1,0,0,0,1,1,1
228,47,22,53,4,1.9,3,98,0,1,1,0,1
229,48,24,71,2,1.7,1,145,0,0,0,0,1
230,47,22,92,1,2.8,2,0,0,0,0,1,0
231,35,10,61,4,2.1,3,0,0,0,0,1,0
232,46,19,38,3,2.5,2,135,0,0,0,0,0
233,62,37,58,4,1.7,1,0,0,0,0,1,0
234,26,1,80,1,0.8,2,150,0,0,0,0,0
235,38,8,71,4,1.8,3,0,0,0,0,1,0
236,43,18,89,3,0.5,3,0,0,0,0,1,1
237,62,38,83,1,1.8,3,0,0,0,0,1,0
238,57,32,28,3,0.2,1,0,0,0,0,1,1
239,28,3,52,4,1.7,2,0,0,0,0,0,0
240,51,26,70,1,1.2,1,169,0,0,0,0,0
241,48,22,71,1,1.4,3,0,0,0,0,0,1
242,41,16,75,1,3.7,3,280,0,0,0,0,0
243,65,39,170,3,7.9,3,99,1,0,1,1,0
244,41,17,78,4,0.8,1,78,0,0,0,1,0
245,35,11,25,2,1.0,2,0,0,0,0,0,0
246,38,14,60,2,0.6,3,0,0,0,0,1,1
247,53,29,120,4,2.7,2,111,1,1,1,1,0
248,55,29,99,2,1.4,1,264,0,0,0,1,1
249,26,1,55,3,2.6,3,113,0,0,0,0,1
250,30,6,29,3,1.0,2,117,0,0,0,0,0
251,54,28,170,2,6.2,2,325,1,0,0,1,0
252,65,40,53,3,2.2,1,0,0,0,0,0,1
253,47,21,138,1,0.0,1,0,0,0,0,0,0
254,65,41,134,3,3.9,3,121,1,0,0,1,0
255,66,40,42,2,0.7,3,138,0,0,0,0,1
256,26,0,99,4,2.3,3,0,0,0,0,0,1
257,66,41,18,3,0.5,1,0,0,0,0,0,1
258,35,9,24,4,0.3,1,0,0,0,0,1,0
259,56,30,55,1,1.4,1,77,0,0,0,1,0
260,51,27,58,1,0.0,1,0,0,0,0,0,1
261,42,16,111,2,1.2,3,251,1,0,0,1,0
262,49,23,33,1,0.3,3,0,0,0,1,1,1
263,27,1,74,4,1.8,2,112,0,0,0,1,1
264,45,19,38,2,0.7,1,0,0,0,0,0,0
265,49,23,23,4,0.6,3,98,0,1,0,0,0
266,63,38,61,2,1.5,1,0,0,0,0,1,0
267,47,22,81,1,2.9,1,138,0,0,0,0,0
268,64,39,129,1,2.5,1,0,0,0,0,1,0
269,43,13,33,1,0.75,3,0,0,0,0,0,0
270,60,36,63,4,2.2,1,0,0,0,0,1,0
271,40,14,70,4,1.4,2,0,0,0,0,1,0
272,29,3,45,4,0.2,1,158,0,0,0,1,1
273,41,16,65,3,0.5,3,0,0,0,0,1,0
274,30,5,74,4,2.2,1,0,0,1,0,0,1
275,49,24,50,4,1.8,3,0,0,1,0,0,0
276,30,5,22,4,0.5,3,109,0,0,0,1,0
277,29,2,30,4,1.0,3,0,0,0,0,0,0
278,50,26,21,4,1.0,1,0,0,0,0,1,0
279,39,14,155,2,3.9,1,0,0,0,0,1,0
280,33,8,64,4,2.1,3,164,0,0,0,1,0
281,57,31,65,4,2.6,3,0,0,0,0,0,1
282,34,9,71,4,0.7,3,0,0,0,0,1,0
283,61,36,40,3,0.5,2,0,0,1,0,1,0
284,44,19,69,3,0.5,3,0,0,0,0,1,0
285,40,13,69,3,2.33,2,0,0,0,0,0,0
286,51,25,45,3,0.6,2,131,0,0,0,1,0
287,37,12,62,3,0.7,2,0,0,0,0,0,1
288,44,19,172,2,4.3,3,391,1,1,1,1,0
289,42,15,24,3,1.0,2,0,0,0,0,1,1
290,51,25,80,1,4.9,1,0,0,0,0,0,0
291,43,16,8,3,0.67,2,88,0,0,0,1,0
292,30,5,38,4,0.8,1,129,0,0,0,1,1
293,45,19,93,4,2.6,3,0,0,0,0,0,0
294,35,9,55,1,2.0,1,0,0,0,0,1,0
295,60,34,64,2,1.7,3,0,0,0,0,0,1
296,34,9,122,1,0.0,1,0,0,0,0,1,0
297,55,25,70,3,1.4,3,0,0,0,0,1,0
298,43,19,81,2,3.2,1,0,0,0,0,0,0
299,41,15,159,1,5.5,3,0,1,0,1,1,0
300,34,9,70,4,1.3,1,0,0,1,0,0,0
301,65,39,150,2,6.9,1,196,0,0,0,0,0
302,45,21,152,2,7.5,1,0,0,0,0,1,0
303,49,25,195,4,3.0,1,617,1,0,0,0,0
304,48,23,22,1,0.1,1,0,0,0,0,0,0
305,60,35,22,1,1.3,1,123,0,0,0,1,0
306,55,29,79,3,0.8,1,0,0,0,0,1,1
307,42,18,33,1,1.4,3,0,0,0,0,1,0
308,32,8,128,2,4.33,1,0,0,0,1,1,1
309,62,38,91,1,3.8,1,0,0,1,0,1,0
310,57,32,39,4,0.9,1,0,0,0,0,1,1
311,52,26,121,1,7.3,1,167,0,0,0,1,0
312,36,6,21,1,0.67,3,0,0,1,0,1,0
313,34,9,41,3,2.3,1,0,0,0,0,0,1
314,63,37,45,2,0.7,3,0,0,0,0,1,0
315,24,-2,51,3,0.3,3,0,0,0,0,1,0
316,57,31,165,1,1.6,2,0,1,0,0,1,0
317,40,16,119,2,4.2,2,0,1,0,0,1,0
318,27,2,110,4,1.8,3,190,0,0,0,1,0
319,65,39,20,3,0.7,2,0,0,0,0,0,1
320,60,34,64,1,0.8,2,248,0,0,0,0,0
321,44,20,101,3,4.4,2,82,1,0,0,0,0
322,63,39,101,1,3.9,1,0,1,1,1,1,0
323,59,34,99,1,4.4,1,0,1,0,0,0,0
324,56,30,158,4,6.1,1,0,1,0,0,0,0
325,54,28,89,1,1.9,2,0,0,0,0,1,1
326,52,27,80,1,1.3,3,0,0,0,1,1,1
327,58,32,114,2,2.0,1,402,0,0,0,1,0
328,60,35,49,3,0.5,2,0,0,0,0,1,1
329,28,4,191,1,6.33,1,0,0,0,0,1,0
330,54,30,78,4,1.0,2,0,0,0,0,1,0
331,32,6,28,3,1.0,1,0,0,0,0,0,0
332,59,33,42,1,0.8,2,0,0,0,0,1,0
333,63,38,140,1,2.5,1,0,0,0,0,0,0
334,48,23,45,1,1.3,2,0,0,0,0,1,0
335,56,32,122,2,0.3,1,360,0,0,1,1,1
336,36,12,65,3,2.6,2,0,0,0,0,1,0
337,57,27,68,1,1.4,3,0,0,0,0,1,0
338,29,3,153,2,2.0,1,392,0,0,0,0,0
339,39,13,89,4,1.4,2,0,0,0,0,0,0
340,59,34,91,1,2.6,1,0,0,0,0,1,1
341,31,6,55,4,2.0,2,185,0,0,0,1,0
342,43,19,118,2,3.3,1,0,0,0,0,0,1
343,35,5,22,1,0.67,3,103,0,0,0,0,0
344,54,24,63,3,1.4,3,138,0,0,0,1,1
345,51,27,12,4,0.5,2,78,0,1,0,1,0
346,44,19,50,3,2.7,2,0,0,0,0,1,0
347,25,0,43,2,1.6,3,0,0,1,1,1,1
348,40,15,173,4,6.6,1,0,1,0,1,1,1
349,26,2,60,2,3.0,1,132,1,0,0,0,0
350,39,14,113,1,1.0,3,0,0,1,0,1,0
351,28,4,155,4,5.3,2,0,1,0,0,1,0
352,52,28,91,4,1.0,2,0,0,0,0,0,1
353,53,29,55,4,1.1,2,0,0,0,0,1,0
354,44,20,173,2,1.4,1,419,0,0,0,1,0
355,43,19,71,3,0.3,3,0,0,0,0,0,1
356,56,30,24,2,0.4,3,88,0,0,0,0,0
357,38,14,42,1,2.0,2,81,0,0,0,1,0
358,30,6,141,2,4.33,1,0,0,0,0,1,0
359,32,6,32,1,1.9,3,0,0,0,0,1,0
360,35,10,55,4,1.3,1,0,0,0,0,0,0
361,43,19,153,2,7.5,1,0,0,0,0,1,0
362,58,32,113,2,1.4,1,270,0,0,0,0,1
363,25,0,30,2,1.7,2,0,0,0,0,0,0
364,54,24,29,3,1.0,3,148,0,0,0,0,1
365,57,32,174,1,6.8,2,466,1,0,0,1,0
366,50,24,35,1,0.3,3,0,0,0,0,1,0
367,32,8,98,2,2.0,2,175,0,0,0,1,0
368,63,37,30,2,1.0,3,159,0,0,0,1,0
369,31,6,58,2,2.5,1,0,0,0,0,0,1
370,36,12,25,4,1.0,1,147,0,0,0,0,0
371,58,34,19,4,0.7,1,0,0,0,0,0,0
372,56,30,44,4,0.7,2,174,0,0,0,1,0
373,49,25,20,4,1.0,1,111,0,0,0,1,1
374,30,5,98,2,3.1,1,220,0,0,0,1,0
375,33,7,90,3,1.6,1,0,0,0,0,1,0
376,45,21,61,3,0.7,1,0,0,0,0,0,0
377,30,5,40,4,2.0,2,0,0,0,0,1,0
378,47,23,38,2,2.1,3,0,0,0,0,0,0
379,25,0,28,2,1.7,2,0,0,0,0,0,0
380,63,33,34,1,1.5,3,0,0,0,0,1,1
381,55,29,73,2,2.3,3,0,0,0,0,1,1
382,65,41,133,4,2.0,1,0,1,0,0,0,1
383,44,18,53,1,0.2,1,0,0,0,0,1,0
384,51,25,21,4,0.6,3,0,0,0,0,1,1
385,35,9,40,3,0.9,1,0,0,0,0,1,0
386,30,5,41,4,1.7,2,0,0,0,0,1,0
387,31,5,82,4,1.8,2,0,0,0,0,1,0
388,54,30,100,4,3.4,3,0,1,0,0,0,0
389,45,20,155,1,7.0,1,0,0,0,0,1,1
390,45,19,45,1,0.2,1,0,0,0,0,1,0
391,58,32,9,3,0.3,3,0,0,0,0,0,1
392,54,29,48,4,1.8,3,0,0,0,0,1,0
393,53,28,18,4,0.1,3,109,0,1,1,1,1
394,33,9,80,4,3.4,1,0,0,0,0,1,1
395,60,35,64,2,2.8,1,0,0,0,0,0,0
396,50,24,29,4,0.1,1,0,0,0,0,0,0
397,26,2,48,3,0.7,2,0,0,0,0,1,0
398,54,30,23,2,0.4,1,0,0,0,0,0,0
399,28,3,84,4,0.2,1,0,0,0,0,1,1
400,36,10,179,3,6.6,1,0,1,0,0,1,0
401,29,2,30,4,1.5,2,112,0,0,0,0,1
402,54,28,93,1,4.9,1,133,0,0,1,1,1
403,55,30,39,2,1.9,2,0,0,0,0,0,0
404,61,36,60,3,0.5,2,182,0,0,0,0,0
405,36,11,133,1,3.8,1,290,0,1,1,1,1
406,45,19,125,1,2.4,1,0,0,0,0,0,0
407,64,40,58,1,1.8,3,0,0,0,0,1,0
408,60,36,89,2,2.8,1,0,0,0,0,1,0
409,49,22,82,1,2.67,2,125,0,0,0,1,0
410,47,23,110,2,3.3,1,0,0,0,0,1,1
411,60,36,54,4,2.3,3,0,0,1,0,0,0
412,45,20,89,4,1.9,3,0,0,0,0,1,0
413,32,7,42,3,2.3,1,0,0,0,0,1,0
414,52,28,41,3,1.9,2,0,0,0,0,0,1
415,35,8,38,4,1.0,2,124,0,0,0,1,0
416,40,15,85,2,0.4,1,0,0,0,0,1,0
417,53,29,83,4,1.0,2,0,0,0,0,1,0
418,27,0,33,4,1.0,3,0,0,0,0,0,0
419,58,33,50,4,2.1,1,0,0,0,0,0,1
420,47,22,58,4,3.6,3,0,0,0,0,1,1
421,28,3,115,4,3.1,2,0,1,0,0,0,0
422,46,20,145,2,6.3,1,0,0,1,1,1,0
423,43,19,161,2,7.5,1,0,0,0,0,0,0
424,56,30,38,1,0.2,1,0,0,0,0,0,0
425,28,3,28,4,0.8,1,0,0,0,0,1,0
426,42,18,75,3,2.33,1,0,0,0,0,0,1
427,32,7,35,3,1.3,1,116,0,0,0,0,1
428,62,38,24,2,1.0,1,116,0,0,0,0,1
429,37,13,78,4,0.1,2,0,0,0,0,1,0
430,51,26,113,1,1.3,3,161,0,0,0,1,0
431,39,13,75,3,2.1,1,224,0,0,0,1,0
432,43,17,91,1,5.7,1,0,0,0,0,1,0
433,52,28,31,4,0.2,1,141,0,0,0,1,1
434,30,6,45,1,1.8,2,0,0,0,0,1,0
435,52,26,80,3,0.8,1,0,0,0,0,0,0
436,61,35,50,3,1.4,3,112,0,0,0,1,0
437,36,9,31,4,1.0,2,0,0,1,0,1,0
438,58,32,113,2,3.8,2,119,1,0,1,1,1
439,47,23,29,4,0.6,1,0,0,0,0,1,0
440,64,39,59,2,1.5,1,139,0,0,0,1,0
441,52,27,43,1,1.3,2,0,0,1,0,1,0
442,58,28,122,1,3.0,3,115,1,0,0,1,0
443,48,24,29,1,1.0,1,0,0,0,0,0,0
444,64,40,91,2,0.0,3,0,0,0,0,1,1
445,58,32,65,3,2.2,3,0,0,0,0,1,0
446,47,23,22,1,1.0,1,0,0,0,0,0,1
447,49,23,71,1,1.4,3,0,0,0,0,0,0
448,31,4,60,4,2.0,2,0,0,0,0,1,1
449,61,37,60,3,2.0,3,0,0,0,0,1,0
450,51,25,69,1,0.3,1,0,0,0,0,1,1
451,28,-2,48,2,1.75,3,89,0,0,0,1,0
452,39,13,21,3,0.2,2,0,0,0,0,0,0
453,54,28,53,4,2.8,2,0,0,1,0,0,0
454,50,24,29,3,0.9,3,0,0,0,0,0,0
455,30,4,60,4,2.2,2,0,0,0,0,1,0
456,64,39,42,3,0.5,2,116,0,0,0,1,0
457,29,3,69,3,0.3,3,0,0,0,0,0,0
458,48,24,20,1,1.0,1,0,0,0,0,1,1
459,35,10,200,2,3.0,1,458,0,0,0,0,0
460,60,36,141,2,2.1,1,0,0,0,0,1,1
461,55,30,81,2,3.7,1,0,0,1,0,0,0
462,29,4,183,3,8.3,3,0,1,0,0,1,0
463,48,22,149,2,5.5,2,0,1,1,1,1,0
464,43,19,83,4,3.6,3,0,1,0,0,0,1
465,66,42,35,1,1.9,2,172,0,0,0,1,0
466,25,0,13,2,0.9,3,0,0,0,0,1,0
467,45,20,39,1,2.4,1,0,0,0,0,0,1
468,34,10,21,1,0.5,3,0,0,0,0,1,0
469,48,23,10,2,0.7,3,0,0,0,0,1,1
470,32,6,84,4,1.8,2,0,0,0,0,0,0
471,50,24,30,4,0.1,1,161,0,0,0,1,1
472,43,19,31,4,0.3,1,156,0,0,0,1,0
473,64,39,182,1,1.2,2,547,1,0,0,1,0
474,60,34,114,2,6.9,1,0,0,0,0,1,0
475,43,19,152,3,6.1,2,0,1,0,0,0,0
476,60,34,53,1,0.8,2,0,0,1,0,0,1
477,64,39,24,4,0.4,2,78,0,0,0,1,0
478,44,20,150,2,3.3,1,0,0,0,0,0,1
479,60,36,132,2,6.0,1,470,0,0,0,1,1
480,54,29,68,3,1.6,3,0,0,0,0,1,1
481,33,9,53,1,1.2,1,0,0,0,0,0,1
482,56,32,173,1,4.6,2,88,1,0,1,1,0
483,29,5,30,3,1.0,2,0,0,0,0,0,0
484,25,1,113,2,0.2,1,0,0,0,0,1,1
485,60,34,15,1,0.8,2,0,0,0,0,1,0
486,55,30,84,2,3.7,1,304,0,1,0,1,0
487,39,13,88,4,1.4,2,0,0,0,0,1,1
488,37,13,43,3,2.8,1,0,0,0,0,1,0
489,53,28,43,2,2.1,3,0,0,0,1,1,1
490,34,10,90,2,2.7,1,0,0,0,0,1,0
491,42,18,34,4,0.3,1,104,0,1,0,1,0
492,60,36,38,4,1.3,1,0,0,0,0,1,0
493,50,24,173,1,1.0,1,0,0,0,0,1,1
494,41,17,160,2,8.0,1,0,0,0,0,1,0
495,25,0,44,4,0.6,2,0,0,0,0,1,1
496,50,24,83,2,0.4,3,0,0,0,0,1,0
497,48,22,94,4,2.6,3,0,0,0,0,1,0
498,32,8,43,1,2.1,3,0,0,0,0,0,1
499,50,25,42,3,1.7,2,0,0,0,0,1,0
500,59,33,34,2,0.3,1,0,0,0,0,0,0
501,50,26,39,3,1.9,2,0,0,0,0,1,0
502,44,19,70,1,0.1,2,0,0,0,0,0,0
503,31,5,39,4,1.8,3,185,0,0,0,0,1
504,40,10,44,3,2.0,3,0,0,0,0,1,0
505,36,12,69,3,3.1,2,0,1,0,0,1,0
506,51,25,44,3,0.9,3,0,0,0,0,0,0
507,64,40,32,3,0.1,3,0,0,0,0,1,0
508,47,22,15,2,0.7,3,0,0,0,0,0,0
509,52,28,118,2,6.8,1,112,0,0,0,1,0
510,51,26,62,1,1.3,2,221,0,0,0,1,0
511,31,5,82,4,2.2,2,0,0,0,0,0,0
512,39,14,54,3,3.0,1,108,0,0,0,0,1
513,30,6,48,1,2.1,3,0,0,0,0,0,0
514,27,1,74,3,0.3,3,0,0,0,0,1,0
515,41,16,113,1,1.0,3,211,0,0,0,0,1
516,53,27,81,3,1.7,2,0,0,0,0,0,0
517,54,27,43,3,1.0,2,169,0,0,0,0,0
518,28,4,34,1,1.8,2,0,0,0,0,1,0
519,34,9,48,1,2.5,3,105,0,0,0,1,0
520,61,37,54,4,1.2,2,129,0,0,0,1,1
521,48,24,75,4,1.4,2,0,0,0,0,1,0
522,36,11,72,1,2.8,1,224,0,0,0,0,0
523,56,31,39,4,0.9,1,0,0,0,0,0,0
524,24,-1,75,4,0.2,1,0,0,0,0,1,0
525,64,38,79,2,2.8,1,179,0,0,0,0,0
526,26,2,205,1,6.33,1,271,0,0,0,0,1
527,33,8,65,2,0.1,1,89,0,0,0,1,0
528,64,39,122,4,0.2,1,378,1,0,0,1,0
529,39,15,82,1,0.8,2,0,0,0,0,1,0
530,54,30,21,2,0.2,1,0,0,0,0,0,1
531,32,6,50,4,2.1,3,0,0,1,1,1,1
532,62,37,39,2,2.8,1,113,0,0,1,1,1
533,27,2,101,1,1.9,1,0,0,0,0,0,0
534,53,28,41,2,0.6,3,0,0,1,0,0,0
535,51,25,132,1,0.3,1,0,0,0,0,1,0
536,25,-1,43,3,2.4,2,176,0,0,0,1,0
537,44,20,131,1,4.9,3,0,1,0,0,1,0
538,31,5,11,1,0.4,2,76,0,0,0,0,1
539,57,32,21,1,0.3,3,117,0,0,0,0,0
540,25,-1,109,4,2.3,3,314,0,0,0,1,0
541,30,6,141,2,4.33,1,0,0,0,0,0,0
542,40,14,81,3,0.1,1,0,0,0,0,1,0
543,63,38,54,3,2.4,1,90,0,0,0,0,1
544,35,10,164,2,7.8,1,0,0,0,0,1,0
545,43,19,28,4,0.3,1,87,0,0,0,0,0
546,27,2,68,3,2.6,3,203,0,1,0,0,0
547,44,14,44,3,2.0,3,180,0,1,1,1,1
548,49,23,61,1,1.4,3,0,0,0,0,1,1
549,61,36,35,3,1.3,2,0,0,0,0,0,1
550,60,34,54,3,0.3,2,0,0,0,0,1,1
551,59,34,14,1,0.1,1,0,0,0,0,1,1
552,28,3,52,4,2.2,1,230,0,0,0,1,0
553,52,28,101,2,0.3,1,0,0,0,0,0,0
554,28,2,149,2,7.2,1,0,0,0,0,1,0
555,34,8,35,4,0.8,1,137,0,0,1,1,1
556,60,34,21,3,0.3,3,129,0,0,0,1,0
557,39,15,118,2,1.9,1,0,0,0,0,0,1
558,30,5,38,4,2.0,2,0,0,1,0,0,0
559,49,25,24,4,0.2,1,138,0,0,0,1,0
560,43,18,59,1,3.7,3,0,0,0,0,1,0
561,63,33,41,4,1.67,3,0,0,0,0,1,0
562,28,3,85,1,0.8,2,0,0,0,0,1,1
563,51,27,12,4,1.0,1,0,0,0,0,1,0
564,33,7,32,1,0.6,3,152,0,0,0,0,0
565,55,29,79,3,0.8,1,0,0,0,0,1,0
566,53,28,175,3,3.6,3,0,1,0,1,1,1
567,34,8,28,3,0.9,1,0,0,0,0,0,0
568,34,9,41,2,0.1,1,161,0,0,0,1,1
569,40,14,70,3,2.1,1,185,0,0,0,0,0
570,49,25,161,3,6.5,2,485,1,1,1,0,0
571,35,9,53,4,2.2,2,0,0,0,0,1,0
572,39,15,128,1,3.4,1,0,0,0,0,0,0
573,55,28,50,3,1.0,2,0,0,0,0,1,1
574,29,5,80,2,2.0,2,0,0,0,0,1,1
575,54,30,93,1,2.7,2,0,0,0,0,1,0
576,25,-1,48,3,0.3,3,0,0,0,0,0,1
577,52,28,149,2,6.8,1,0,0,0,0,1,0
578,46,19,49,3,2.5,2,0,0,0,0,1,1
579,57,33,88,1,2.7,2,0,0,0,0,1,0
580,52,22,22,4,0.4,3,0,0,0,0,1,1
581,28,3,55,4,2.2,1,0,0,0,0,1,1
582,44,18,72,1,0.7,3,155,0,0,0,0,0
583,24,-1,38,2,1.7,2,0,0,0,0,1,0
584,40,16,114,1,3.4,1,300,0,0,0,1,0
585,34,4,83,4,4.0,3,0,0,0,0,1,0
586,39,14,101,2,0.4,1,0,0,0,0,1,1
587,50,24,94,1,4.9,1,272,0,0,0,1,0
588,41,17,40,2,2.5,1,0,0,0,1,1,1
589,31,7,128,1,6.0,1,0,0,0,0,0,0
590,29,3,39,4,2.1,3,0,0,0,0,1,0
591,30,5,51,1,1.0,1,0,0,0,0,1,0
592,44,20,79,4,2.0,3,0,0,1,1,1,1
593,33,7,48,4,2.2,2,0,0,0,0,1,0
594,50,26,85,1,0.0,1,144,0,0,0,0,0
595,42,18,41,1,1.8,1,94,0,0,0,1,0
596,48,22,152,1,3.5,3,0,1,0,0,1,0
597,24,-2,125,2,7.2,1,0,0,1,0,0,1
598,56,31,11,2,0.2,3,90,0,0,0,0,0
599,28,4,103,2,2.5,1,0,0,0,0,1,1
600,56,30,141,2,0.5,1,0,0,0,0,1,0
601,58,32,38,1,1.4,1,0,0,0,0,1,1
602,29,5,135,2,0.6,1,0,0,0,0,0,0
603,63,38,28,2,0.5,2,89,0,0,0,1,0
604,28,3,70,4,2.2,1,240,0,0,0,0,1
605,57,31,41,1,0.2,1,0,0,0,0,1,1
606,34,8,81,3,0.9,2,208,0,0,0,1,0
607,28,3,170,1,0.1,3,0,1,0,0,0,0
608,27,2,55,4,1.7,2,0,0,0,0,1,0
609,37,11,24,4,1.5,3,0,0,0,0,0,0
610,52,28,81,3,1.8,2,275,0,0,0,0,0
611,49,23,32,4,1.8,1,83,0,0,0,0,0
612,65,40,129,1,1.3,1,0,0,0,0,1,1
613,60,35,108,1,0.9,1,0,0,1,0,0,0
614,37,12,180,1,8.6,1,0,0,0,0,1,1
615,63,37,139,2,6.9,1,0,0,0,0,0,0
616,40,14,33,2,1.4,3,0,0,0,0,1,1
617,46,20,74,4,2.6,3,0,0,0,0,1,0
618,63,37,42,2,0.7,3,115,0,0,0,1,0
619,57,27,73,1,3.0,3,0,0,0,0,0,0
620,33,8,115,4,2.9,2,0,1,0,0,1,0
621,41,17,114,2,1.8,2,0,0,0,0,1,0
622,41,17,92,2,1.9,1,131,0,0,0,1,0
623,44,19,34,1,0.3,3,78,0,0,0,1,0
624,33,6,54,2,1.67,2,122,0,0,0,1,0
625,52,28,64,2,1.0,3,211,0,0,0,1,0
626,30,6,42,1,0.2,3,100,0,0,0,0,1
627,45,19,70,3,2.1,1,0,0,0,0,1,0
628,49,24,51,1,1.3,2,0,0,0,0,0,0
629,45,19,71,4,2.9,1,218,0,0,1,1,1
630,32,7,35,3,1.3,1,108,0,0,0,0,1
631,45,18,40,3,1.0,2,0,0,0,0,1,0
632,57,32,165,4,2.7,3,0,1,0,0,1,0
633,61,31,18,1,1.5,3,0,0,0,0,1,1
634,57,31,32,3,1.4,1,0,0,1,1,1,1
635,60,35,35,3,0.2,1,169,0,0,0,1,0
636,40,16,120,2,6.1,1,196,0,0,0,1,0
637,53,28,31,4,0.1,3,0,0,0,0,1,0
638,42,16,35,3,1.5,1,0,0,0,0,0,0
639,62,36,32,2,0.2,3,0,0,0,0,1,1
640,43,18,85,1,3.7,3,327,0,1,0,1,0
641,35,10,139,2,7.8,1,0,0,0,0,0,0
642,50,24,103,1,0.3,1,0,0,0,0,1,0
643,45,21,152,2,1.4,1,0,0,0,0,1,0
644,52,27,33,2,2.0,2,0,0,0,0,1,0
645,35,9,84,4,2.2,2,322,0,0,0,0,0
646,58,33,61,4,1.7,1,0,0,0,0,0,0
647,62,38,64,4,2.2,1,123,0,1,1,1,1
648,50,25,34,1,1.3,2,0,0,0,0,1,0
649,25,-1,82,4,2.1,3,0,0,0,0,1,0
650,47,22,122,1,5.1,3,163,1,1,0,0,0
651,28,4,58,3,1.5,1,131,0,0,0,0,0
652,34,9,92,1,2.8,1,0,0,0,0,1,0
653,49,23,78,2,2.4,2,205,0,0,0,0,1
654,54,29,129,4,4.2,3,0,1,0,0,0,0
655,50,25,13,2,0.7,3,0,0,0,0,0,0
656,37,11,81,1,2.8,3,145,0,0,0,0,0
657,38,8,23,1,0.67,3,0,0,0,0,0,0
658,52,26,35,3,0.9,3,0,0,0,0,0,0
659,63,39,79,4,1.7,2,0,0,0,0,1,1
660,39,14,165,2,3.3,1,0,0,0,0,1,0
661,63,38,52,2,2.8,1,0,0,0,0,1,0
662,65,41,185,3,2.0,2,0,1,0,0,0,0
663,46,20,49,3,2.2,2,0,0,0,0,0,0
664,54,30,64,1,1.8,3,227,0,0,0,0,1
665,54,24,61,4,2.0,3,0,0,1,0,1,0
666,52,26,112,1,2.4,1,0,0,1,1,1,1
667,63,39,72,3,2.0,3,190,0,1,0,1,0
668,66,41,18,3,0.5,1,0,0,0,0,0,0
669,56,29,41,4,2.5,2,0,0,0,0,0,0
670,23,-1,61,4,2.6,1,239,0,0,0,1,0
671,65,41,105,1,3.0,2,282,1,1,1,1,0
672,51,27,23,1,0.2,1,0,0,0,0,1,0
673,34,10,22,1,0.5,3,85,0,0,0,0,0
674,49,23,59,3,2.1,1,0,0,0,0,0,0
675,29,2,33,1,2.0,2,160,0,0,0,0,0
676,47,23,11,1,0.9,3,103,0,0,0,0,1
677,46,21,204,2,2.8,1,0,0,0,0,1,0
678,52,27,61,4,1.8,3,207,0,0,0,0,0
679,55,31,103,3,1.8,2,364,0,0,0,0,0
680,61,36,51,3,1.5,1,0,0,0,0,0,1
681,34,9,164,1,6.0,3,0,1,0,0,1,0
682,58,34,12,1,0.1,2,0,0,0,0,0,1
683,40,16,82,1,3.6,2,0,0,0,0,0,0
684,43,17,164,1,2.4,1,449,0,0,0,1,0
685,35,8,48,2,1.67,2,0,0,0,0,1,0
686,24,-1,38,4,0.6,2,0,0,0,0,1,0
687,48,22,65,2,1.5,2,0,0,0,0,1,0
688,44,20,71,4,1.9,1,207,0,0,0,1,0
689,54,30,18,1,0.3,1,0,0,1,1,1,0
690,59,34,52,2,1.6,3,75,0,0,0,1,0
691,45,18,48,3,2.5,2,113,0,0,0,1,1
692,26,2,30,1,1.0,3,111,0,0,0,0,0
693,40,15,40,2,2.2,3,107,0,0,0,1,0
694,32,7,112,1,3.8,1,81,0,0,0,1,0
695,29,4,115,1,1.9,1,0,0,0,0,0,0
696,51,27,63,2,1.0,3,82,0,0,0,1,0
697,42,17,85,1,3.7,3,0,0,0,0,1,0
698,64,38,59,1,2.5,3,220,0,0,0,0,0
699,44,20,68,1,0.8,3,91,0,0,0,0,0
700,37,11,84,2,1.8,1,0,0,0,0,1,1
701,44,19,62,3,0.8,3,0,0,0,0,0,1
702,35,9,109,3,4.0,1,0,1,0,0,0,0
703,41,17,141,2,7.6,1,92,0,0,0,0,0
704,56,32,129,1,7.4,1,0,0,0,0,0,0
705,62,36,30,3,0.7,2,0,0,0,0,1,0
706,58,34,148,1,4.7,1,0,0,0,0,1,0
707,47,20,25,3,0.67,2,0,0,0,0,1,1
708,35,10,21,3,1.3,1,115,0,0,0,0,0
709,29,4,72,4,2.2,1,0,0,0,0,1,0
710,43,17,59,3,0.9,3,87,0,0,0,1,1
711,62,37,83,3,1.8,2,187,0,1,0,0,0
712,41,16,10,2,0.3,2,0,0,0,0,1,0
713,34,9,84,3,0.6,2,0,0,0,0,1,0
714,50,23,98,3,2.0,2,0,0,0,0,0,0
715,47,23,32,1,1.0,1,0,0,1,1,1,1
716,29,5,31,4,0.4,2,161,0,0,0,1,1
717,59,34,94,3,0.5,1,0,0,0,0,0,1
718,56,31,21,2,0.2,3,137,0,0,1,1,1
719,61,35,110,3,4.4,1,0,0,1,0,1,0
720,58,32,38,1,2.2,3,0,0,0,0,0,0
721,49,24,39,1,1.4,3,0,0,0,0,1,0
722,45,21,132,3,1.2,2,0,1,0,1,1,1
723,50,24,61,4,2.6,1,0,0,0,0,1,0
724,64,38,92,1,2.0,1,0,0,0,0,1,0
725,39,15,119,2,6.1,1,0,0,0,0,0,0
726,58,33,53,4,2.1,1,0,0,0,0,1,0
727,62,37,18,3,1.3,2,0,0,0,0,1,0
728,45,20,114,2,4.4,2,0,1,0,0,0,0
729,58,28,90,1,3.0,3,0,0,0,0,0,1
730,43,18,140,1,7.0,1,205,0,0,0,1,0
731,28,3,90,2,3.3,1,0,0,0,0,1,1
732,26,1,85,1,1.9,1,0,0,0,0,1,0
733,49,24,80,1,1.2,1,0,0,0,0,1,0
734,66,42,53,2,1.1,1,0,0,0,0,1,1
735,33,7,49,4,2.2,2,0,0,0,0,1,0
736,61,35,152,3,3.3,3,0,1,0,0,1,0
737,64,37,138,2,2.8,2,0,1,0,0,1,0
738,36,10,80,4,2.2,2,0,0,0,0,1,0
739,49,23,82,2,2.4,2,0,0,0,0,0,0
740,52,27,195,1,8.1,1,0,0,0,0,0,0
741,61,37,22,1,1.2,3,0,0,0,0,1,0
742,32,6,81,1,2.5,1,0,0,0,0,1,0
743,61,37,40,4,2.2,1,0,0,1,1,1,1
744,45,20,154,2,2.8,1,0,0,1,0,1,0
745,30,4,49,3,1.1,2,0,0,0,0,0,1
746,62,37,85,4,3.4,2,0,0,0,0,1,0
747,57,32,21,3,0.1,2,0,0,1,1,1,0
748,41,17,14,1,1.0,1,0,0,0,0,0,0
749,58,34,60,4,1.6,2,0,0,0,0,0,1
750,29,5,138,2,4.33,1,0,0,0,0,1,0
751,53,28,98,1,1.3,3,355,0,0,0,1,0
752,64,39,22,4,0.6,2,0,0,0,0,0,0
753,49,23,49,1,1.2,2,0,0,0,0,1,1
754,38,14,102,2,1.9,1,0,0,0,1,1,1
755,56,30,45,4,0.7,2,0,0,0,0,0,1
756,56,31,82,4,1.3,3,0,0,0,0,1,0
757,52,28,81,3,1.8,2,0,0,1,0,0,0
758,64,39,35,1,1.5,2,0,0,1,0,0,0
759,53,28,59,2,1.9,2,0,0,0,0,1,0
760,29,3,52,3,1.1,2,0,0,0,0,1,0
761,48,24,84,3,0.7,1,166,0,0,0,1,0
762,32,6,85,1,2.7,2,100,0,0,0,1,0
763,54,28,65,1,0.2,1,0,0,0,0,0,1
764,37,13,89,2,1.7,2,314,0,0,0,0,1
765,47,21,109,4,1.8,1,0,1,0,0,0,0
766,37,12,81,1,2.8,1,0,0,0,0,0,0
767,64,39,38,1,1.1,3,108,0,0,0,0,0
768,43,19,72,2,1.7,1,0,0,0,0,1,0
769,33,6,78,4,2.0,2,119,0,1,0,1,0
770,26,2,172,2,6.9,2,0,1,0,0,1,0
771,42,18,71,3,2.33,1,106,0,1,0,1,0
772,54,28,165,1,4.1,3,0,1,0,1,1,1
773,41,16,120,2,3.9,1,0,0,0,0,1,1
774,55,29,39,1,0.2,1,0,0,0,0,0,1
775,65,39,23,3,0.7,2,0,0,0,0,0,1
776,50,26,135,2,4.6,3,91,1,0,0,1,0
777,55,31,12,2,0.2,1,76,0,0,0,1,1
778,62,36,92,2,0.7,2,0,0,0,0,1,0
779,53,28,192,2,6.4,3,0,1,0,0,0,0
780,32,7,42,4,0.8,1,0,0,0,0,1,1
781,56,32,158,3,3.7,3,0,1,0,0,1,0
782,54,30,194,3,6.0,3,587,1,1,1,1,1
783,44,20,160,2,7.6,1,0,0,1,0,0,0
784,48,22,98,2,6.3,1,0,0,0,0,0,0
785,46,22,164,2,7.6,1,0,0,0,1,1,1
786,45,21,42,2,2.5,1,0,0,1,0,1,0
787,45,15,202,3,10.0,3,0,1,0,0,0,0
788,58,34,10,4,0.7,1,0,0,0,0,0,0
789,29,3,31,4,0.3,2,0,0,0,0,1,0
790,55,30,58,4,0.9,1,0,0,0,0,1,1
791,55,29,65,4,2.8,2,0,0,0,0,1,0
792,41,16,98,1,4.0,3,0,0,0,0,0,1
793,24,-2,150,2,2.0,1,0,0,0,0,1,0
794,54,29,44,2,2.3,3,0,0,0,0,1,0
795,57,32,15,2,0.2,3,0,0,0,0,0,1
796,30,6,82,2,2.5,1,0,0,0,0,0,0
797,42,17,61,3,0.5,3,0,0,0,0,1,0
798,29,2,38,1,2.0,2,0,0,0,0,0,0
799,29,3,39,4,2.1,3,0,0,0,0,1,0
800,31,7,173,1,6.0,1,0,0,0,0,1,0
801,47,23,8,4,0.2,1,0,0,0,0,1,0
802,36,12,51,3,2.0,1,214,0,0,0,1,0
803,52,27,62,4,1.8,3,82,0,0,0,0,0
804,54,28,34,4,0.7,2,0,0,0,0,1,0
805,55,29,132,3,5.9,2,307,1,0,0,0,0
806,53,27,44,4,1.5,3,0,0,0,0,0,0
807,52,27,162,1,8.1,1,0,0,0,0,1,0
808,64,39,64,3,2.2,1,0,0,0,0,1,0
809,54,29,111,1,0.1,3,0,0,0,0,0,1
810,32,6,41,2,2.0,3,0,0,0,0,0,0
811,63,33,52,4,1.67,3,0,0,0,0,0,0
812,36,10,65,4,2.2,2,0,0,0,0,0,0
813,50,25,130,1,1.1,2,0,1,0,0,1,0
814,33,8,45,2,0.1,1,0,0,0,0,0,1
815,62,38,35,1,1.9,2,118,0,0,0,0,0
816,49,23,65,3,0.7,2,263,0,0,0,1,1
817,41,15,38,2,0.7,1,91,0,0,0,1,0
818,51,27,42,4,1.1,2,0,0,0,0,1,1
819,56,30,45,4,1.5,3,0,0,0,0,0,0
820,51,25,145,1,0.3,1,0,0,0,0,1,0
821,39,13,33,4,1.5,3,0,0,0,0,0,0
822,61,35,60,3,1.4,3,0,0,0,0,0,0
823,35,9,45,1,2.0,1,0,0,0,0,1,1
824,39,15,72,4,2.4,1,0,0,1,0,1,0
825,37,11,34,3,0.2,2,0,0,0,0,0,0
826,48,21,23,3,0.67,2,0,0,0,0,1,0
827,63,37,45,2,1.0,3,88,0,0,0,1,1
828,35,9,28,4,1.0,1,75,0,0,0,1,0
829,55,30,81,4,3.8,2,0,0,0,0,1,0
830,29,5,72,3,0.7,2,81,0,0,0,0,0
831,61,31,49,4,1.67,3,0,0,0,0,1,0
832,36,10,31,4,1.2,2,0,0,0,0,0,0
833,61,35,63,3,2.2,3,0,0,0,0,0,0
834,36,12,150,4,5.4,1,0,1,1,1,1,0
835,58,33,142,2,3.9,1,193,0,0,0,1,1
836,42,17,74,3,3.0,1,0,0,0,0,0,1
837,30,4,24,1,0.4,2,81,0,0,0,1,0
838,45,20,29,4,1.9,3,0,0,0,0,0,0
839,39,15,79,4,2.4,1,0,0,0,0,0,0
840,27,3,94,2,0.2,1,310,0,0,0,0,1
841,57,33,121,1,4.3,1,0,0,1,0,0,0
842,34,10,54,3,2.0,1,0,0,0,0,0,0
843,64,39,73,3,2.4,1,0,0,0,0,1,0
844,47,23,71,1,0.8,3,127,0,0,0,1,0
845,44,17,29,3,1.0,2,0,0,0,0,1,1
846,51,27,93,1,2.7,1,0,0,0,0,1,0
847,40,14,73,1,1.5,3,252,0,0,0,1,0
848,57,32,19,4,0.9,2,0,0,0,0,1,0
849,33,8,58,2,0.1,1,0,0,1,1,1,1
850,46,20,39,1,0.2,1,0,0,0,0,0,0
851,41,16,23,2,1.4,2,0,0,1,0,1,0
852,33,7,29,1,0.6,3,127,0,0,0,0,1
853,27,2,155,1,0.8,1,0,0,0,0,0,0
854,52,28,90,1,2.6,2,0,0,1,0,1,0
855,59,33,113,2,2.0,1,77,0,0,0,1,0
856,62,38,42,1,1.8,3,0,0,0,0,0,0
857,49,25,30,4,0.2,1,0,0,0,1,1,1
858,45,19,19,3,0.5,2,0,0,0,0,1,0
859,63,37,124,3,5.0,2,170,1,0,0,0,0
860,57,31,30,2,0.7,2,145,0,0,0,0,0
861,60,30,28,1,1.5,3,124,0,1,0,1,0
862,50,23,15,2,1.0,2,101,0,0,0,0,0
863,54,30,70,1,1.6,3,265,0,0,0,0,0
864,28,2,10,1,0.1,2,0,0,0,0,1,0
865,60,34,22,3,0.3,3,139,0,0,0,1,1
866,44,20,70,4,1.9,1,0,0,0,0,1,0
867,61,35,61,1,1.6,1,0,0,0,0,0,0
868,40,15,161,2,3.3,1,0,0,1,0,0,1
869,54,30,29,2,0.8,1,0,0,0,0,0,1
870,43,19,35,3,0.5,1,0,0,0,0,1,0
871,54,28,48,4,2.8,2,0,0,0,0,1,0
872,32,7,44,4,0.8,1,0,0,0,0,1,0
873,24,0,88,3,0.8,1,134,0,0,0,0,0
874,30,4,40,4,2.1,3,0,0,0,0,1,1
875,61,36,21,4,0.4,2,123,0,0,0,0,0
876,40,14,58,2,2.8,1,0,0,0,0,1,0
877,35,11,59,4,0.1,2,0,0,0,0,0,0
878,33,3,74,4,4.0,3,0,0,0,0,0,0
879,63,37,84,4,1.9,2,0,0,0,0,1,0
880,57,31,58,1,0.2,1,177,0,0,0,1,0
881,44,19,154,2,8.8,1,0,0,0,0,1,0
882,51,25,185,1,1.7,1,0,0,0,0,0,0
883,51,26,78,1,1.2,1,305,0,0,0,1,0
884,38,13,55,2,1.1,2,0,0,0,0,1,0
885,31,5,30,4,0.3,2,0,0,0,0,1,0
886,54,29,74,3,2.0,2,0,0,0,0,0,0
887,41,16,118,2,3.3,1,0,0,0,0,1,0
888,57,33,182,2,3.3,3,372,1,0,0,0,0
889,24,-2,82,2,1.6,3,0,0,0,0,1,1
890,55,29,29,4,1.5,3,79,0,0,0,1,0
891,32,6,120,4,5.4,1,301,1,0,1,1,1
892,38,12,53,2,2.4,2,0,0,0,0,1,0
893,58,32,43,3,1.4,1,0,0,0,0,0,1
894,29,4,59,4,2.2,1,232,0,0,0,1,1
895,43,17,84,4,2.6,3,289,0,1,1,1,1
896,50,24,161,3,3.4,1,212,1,0,0,1,0
897,62,37,21,4,0.4,2,137,0,0,0,1,1
898,57,32,63,4,0.7,1,0,0,0,0,1,0
899,30,3,172,3,3.4,2,0,1,0,0,0,1
900,30,4,51,4,0.2,1,172,0,0,0,0,1
901,57,33,24,4,0.7,1,0,0,0,0,1,0
902,57,33,95,2,1.6,1,0,0,0,0,0,0
903,43,18,59,1,2.4,1,250,0,0,0,1,0
904,28,2,51,4,1.8,2,0,0,1,0,0,0
905,46,22,28,1,1.0,1,84,0,0,0,1,1
906,29,3,154,2,2.0,1,130,0,0,0,0,0
907,64,40,15,2,0.3,3,115,0,0,0,1,1
908,66,36,55,4,1.67,3,0,0,0,0,0,1
909,23,-1,149,1,6.33,1,305,0,0,0,0,1
910,60,36,79,1,1.8,3,0,0,0,0,0,1
911,47,21,68,4,2.6,3,0,0,0,0,0,0
912,35,10,78,1,2.6,2,0,0,0,0,1,0
913,57,32,34,2,2.0,2,0,0,1,0,0,0
914,65,41,195,3,0.4,1,0,1,1,1,0,1
915,53,28,184,1,8.1,1,303,0,0,0,1,0
916,44,20,85,2,3.2,1,0,0,0,0,1,0
917,45,20,200,2,8.8,1,0,0,0,0,1,1
918,41,16,64,3,0.5,3,0,0,0,0,0,0
919,51,27,88,1,2.6,2,0,0,1,0,0,1
920,27,1,42,3,2.4,2,0,0,0,0,0,0
921,31,5,91,3,1.6,1,126,0,0,0,1,1
922,32,6,38,1,0.3,1,0,0,1,1,1,0
923,55,30,28,1,1.5,2,0,0,0,0,0,0
924,55,30,32,4,0.1,3,0,0,1,0,0,0
925,42,18,31,1,0.3,3,0,0,0,0,0,1
926,33,9,22,4,0.4,2,103,0,0,0,1,0
927,65,40,95,3,3.7,2,138,1,0,0,0,1
928,35,10,74,4,1.3,1,0,0,0,0,1,0
929,55,30,22,1,1.5,2,91,0,0,0,0,1
930,28,4,43,3,0.1,2,0,0,0,0,1,0
931,27,3,43,1,1.0,3,0,0,0,0,1,0
932,51,27,112,3,1.8,2,0,0,1,1,1,1
933,50,23,9,2,1.0,2,0,0,0,0,1,0
934,58,33,81,2,0.0,3,0,0,0,0,1,0
935,46,20,131,1,5.7,1,256,0,0,0,0,1
936,62,32,19,1,1.5,3,0,0,1,0,0,0
937,38,13,62,3,0.7,2,0,0,1,0,1,0
938,62,37,19,4,0.4,2,124,0,1,0,0,0
939,56,32,8,2,0.3,1,0,0,0,0,1,1
940,61,36,193,1,4.7,3,203,1,0,0,1,0
941,38,13,129,4,4.4,1,140,1,0,0,0,0
942,55,29,30,4,0.7,2,0,0,0,0,0,1
943,30,4,80,4,1.8,2,0,0,0,0,0,0
944,41,15,22,4,1.5,3,0,0,0,0,0,1
945,57,32,33,1,1.5,2,0,0,0,0,1,0
946,36,11,64,4,2.1,3,0,0,0,0,0,0
947,55,29,60,3,2.2,3,84,0,0,0,1,0
948,30,4,81,1,2.9,3,259,0,0,0,1,1
949,40,16,45,3,0.6,2,204,0,0,0,1,0
950,32,6,112,4,1.8,2,0,0,0,0,1,0
951,59,34,83,2,3.4,3,0,1,0,0,1,0
952,44,20,180,2,7.6,1,524,0,0,0,0,1
953,51,26,28,4,0.2,2,0,0,1,0,1,0
954,37,12,169,2,5.2,3,249,1,0,0,1,0
955,59,35,14,4,0.7,1,0,0,0,0,1,0
956,37,11,43,1,2.0,1,0,0,0,0,1,0
957,56,32,88,2,0.3,1,0,0,0,0,1,0
958,55,29,78,4,2.6,3,0,0,0,0,0,1
959,49,24,68,1,0.2,2,163,0,0,0,0,0
960,46,22,144,2,3.3,1,0,0,0,0,1,1
961,35,9,30,4,1.0,1,163,0,0,0,1,0
962,47,21,120,1,0.0,1,135,0,0,0,0,0
963,39,14,24,2,0.3,2,0,0,0,0,0,0
964,27,1,78,4,2.3,3,157,0,1,0,1,0
965,62,36,135,2,5.2,2,0,1,0,0,1,0
966,57,32,44,2,1.6,3,0,0,0,0,0,0
967,55,30,73,4,3.8,2,0,0,0,0,1,0
968,55,31,90,1,2.7,2,0,0,0,0,1,1
969,41,15,58,3,0.5,3,0,0,0,0,1,0
970,57,32,75,2,3.7,1,236,0,0,0,1,0
971,43,19,174,3,1.7,3,231,1,0,1,1,1
972,40,16,50,2,1.7,1,174,0,0,0,0,0
973,43,18,85,1,4.0,3,287,0,0,0,1,0
974,63,38,54,3,2.2,1,0,0,0,0,1,0
975,63,38,83,2,3.4,1,0,1,0,0,0,0
976,54,30,24,4,0.2,1,0,0,1,0,0,0
977,54,30,45,4,1.1,2,205,0,0,0,1,0
978,52,26,68,1,0.8,3,0,0,0,0,1,1
979,50,26,48,4,0.1,3,0,0,0,0,0,1
980,38,13,114,1,1.0,3,0,0,0,0,1,1
981,36,12,142,3,2.3,2,0,1,0,1,1,1
982,58,33,52,3,0.5,2,0,0,0,0,0,1
983,46,22,142,2,3.3,1,0,0,0,0,0,0
984,50,25,15,1,0.4,3,0,0,0,0,0,0
985,46,22,118,1,4.7,1,159,0,0,0,0,1
986,53,27,101,4,4.9,1,0,0,0,0,1,0
987,62,36,84,2,2.8,1,0,0,0,0,1,0
988,63,39,32,1,1.9,2,100,0,0,0,0,0
989,42,16,64,3,0.5,3,247,0,0,0,0,0
990,34,10,81,4,3.4,1,0,0,0,0,1,0
991,40,14,28,4,1.5,3,0,0,0,0,0,1
992,34,9,93,1,0.0,1,0,0,0,0,1,0
993,41,15,185,1,3.6,2,0,1,0,0,0,0
994,32,8,42,1,1.8,2,0,0,0,0,0,0
995,28,3,45,2,1.6,3,0,0,0,0,1,1
996,33,6,49,2,1.67,2,214,0,0,0,0,0
997,46,20,69,3,2.1,1,0,0,0,0,0,0
998,52,27,94,1,2.8,2,333,0,0,0,1,0
999,60,35,18,1,1.5,2,0,0,0,0,1,1
1000,59,35,8,4,0.7,1,91,0,1,0,0,0
1001,57,32,55,4,2.1,1,108,0,0,0,1,0
1002,46,20,85,2,0.4,3,0,0,0,0,0,0
1003,25,1,62,4,0.0,1,229,0,0,0,1,0
1004,53,23,65,4,2.0,3,0,0,0,0,1,0
1005,38,12,138,2,0.0,1,0,0,1,0,1,0
1006,63,38,103,1,2.5,1,0,0,0,0,1,0
1007,44,19,99,3,3.5,3,357,1,0,0,0,0
1008,50,24,152,1,7.3,1,0,0,0,0,1,0
1009,28,3,25,2,0.9,3,140,0,0,0,1,0
1010,27,3,98,2,2.5,1,361,0,1,1,1,1
1011,52,27,39,2,0.7,2,166,0,0,0,1,0
1012,50,25,40,1,1.3,2,0,0,0,0,1,1
1013,39,13,58,3,2.1,1,169,0,0,0,1,0
1014,50,26,192,2,1.8,3,301,1,0,1,1,1
1015,60,34,62,1,0.8,2,0,0,0,0,0,0
1016,30,5,69,1,0.8,2,0,0,1,0,1,0
1017,31,5,40,4,1.3,3,170,0,0,0,0,0
1018,39,15,61,2,0.6,3,127,0,0,0,0,0
1019,29,3,30,4,0.3,2,157,0,0,0,0,0
1020,54,29,29,1,1.5,2,97,0,0,0,1,0
1021,35,8,41,2,1.0,2,0,0,0,0,1,1
1022,27,3,118,1,3.3,2,0,1,0,0,1,0
1023,45,20,109,1,7.0,1,366,0,0,0,1,0
1024,58,33,122,4,0.2,2,0,1,0,1,1,0
1025,62,37,50,3,1.5,1,169,0,0,0,1,0
1026,28,4,43,3,0.1,2,0,0,0,0,1,0
1027,32,7,108,1,4.6,1,0,0,1,0,0,0
1028,29,4,110,4,2.5,3,0,1,0,0,0,0
1029,41,17,20,1,1.4,3,0,0,0,0,1,0
1030,61,35,112,4,1.7,3,0,0,0,0,0,1
1031,56,32,25,1,0.1,2,136,0,0,0,1,0
1032,37,12,42,3,0.7,2,0,0,0,0,1,1
1033,60,34,29,2,0.3,1,0,0,0,0,1,0
1034,49,23,84,3,2.1,1,134,0,1,0,1,0
1035,43,17,81,4,2.6,3,0,0,1,0,1,0
1036,53,28,55,4,0.9,1,119,0,0,0,1,1
1037,35,11,40,1,2.4,2,0,0,1,0,1,0
1038,56,30,145,4,5.7,2,0,1,0,1,1,1
1039,41,16,175,2,1.1,3,0,1,0,0,1,0
1040,36,6,78,4,1.8,3,163,0,0,0,0,0
1041,56,32,51,4,1.5,1,0,0,0,0,0,0
1042,64,34,50,4,1.67,3,0,0,0,0,1,0
1043,51,27,21,3,0.4,1,0,0,0,0,1,0
1044,49,24,79,1,0.2,2,83,0,0,0,1,1
1045,43,18,84,1,4.0,3,0,0,0,0,0,0
1046,51,26,34,4,0.4,2,0,0,0,0,0,0
1047,55,31,73,4,1.6,2,0,0,0,0,0,0
1048,62,37,90,3,0.5,1,0,0,0,0,1,0
1049,35,10,23,4,0.2,3,0,0,0,0,1,0
1050,53,27,145,2,6.1,3,294,1,0,1,1,1
1051,33,7,54,4,0.2,1,141,0,1,0,0,0
1052,43,17,49,3,2.2,2,103,0,0,0,1,1
1053,58,32,51,1,2.8,2,0,0,0,0,1,0
1054,63,38,8,4,0.6,2,0,0,0,0,1,0
1055,31,6,62,1,1.0,1,0,0,1,0,1,0
1056,36,6,25,1,0.67,3,0,0,0,0,1,0
1057,30,0,63,2,1.75,3,0,0,0,0,1,0
1058,59,34,24,2,0.2,3,86,0,0,0,1,0
1059,28,2,11,1,0.1,2,0,0,0,0,1,1
1060,59,34,23,1,0.1,1,0,0,0,0,0,1
1061,47,22,33,1,1.4,3,0,0,0,0,1,0
1062,47,21,83,1,3.8,1,97,1,0,0,0,0
1063,56,30,39,3,1.4,1,131,0,0,0,0,1
1064,41,17,138,3,6.9,2,0,1,0,0,1,0
1065,25,1,113,3,2.5,1,0,0,0,0,0,1
1066,30,5,125,4,0.5,3,0,1,0,1,1,0
1067,50,24,195,1,1.7,1,0,0,0,0,0,0
1068,34,9,105,3,1.2,3,0,0,1,0,0,0
1069,44,18,75,2,3.5,1,0,1,0,0,1,0
1070,36,9,40,2,1.0,2,0,0,0,0,1,0
1071,39,14,61,3,0.5,3,137,0,0,0,1,0
1072,54,24,75,2,4.5,3,0,0,0,0,0,0
1073,33,8,122,1,0.0,1,0,0,0,0,1,1
1074,39,14,75,3,3.0,1,0,0,0,0,0,1
1075,41,15,59,4,0.2,3,0,0,0,0,0,0
1076,40,13,24,3,1.0,2,0,0,0,0,1,0
1077,29,3,175,3,3.3,3,329,1,0,0,1,0
1078,51,27,39,2,0.8,1,182,0,0,0,0,1
1079,54,30,145,2,6.8,1,0,0,1,0,0,0
1080,47,22,24,4,0.4,2,142,0,0,0,1,0
1081,53,28,20,3,0.1,2,0,0,0,0,0,0
1082,30,5,85,1,2.6,2,0,0,0,0,1,0
1083,28,3,65,3,2.6,3,0,0,1,0,0,0
1084,60,35,191,4,5.6,3,0,1,0,0,0,0
1085,51,26,11,2,0.0,1,0,0,1,0,0,0
1086,63,37,40,2,1.0,3,167,0,0,0,0,0
1087,38,13,54,3,0.7,2,196,0,0,0,0,0
1088,59,35,95,1,3.8,1,0,0,0,0,1,1
1089,53,29,94,4,1.0,2,0,0,0,0,1,0
1090,31,5,79,4,2.2,2,0,0,0,0,0,0
1091,41,17,48,3,0.3,3,0,0,0,0,1,1
1092,25,1,70,4,2.6,1,0,0,1,0,1,0
1093,27,3,40,3,0.1,2,111,0,0,0,1,0
1094,50,24,44,4,1.8,1,0,0,0,0,1,1
1095,50,25,43,1,1.4,3,137,0,0,0,1,0
1096,43,18,29,1,0.3,3,0,0,0,0,1,0
1097,50,24,188,3,1.3,1,184,1,0,0,0,1
1098,46,20,114,1,0.0,1,0,0,0,0,1,1
1099,30,6,52,3,0.7,2,0,0,0,0,1,0
1100,42,16,13,1,0.2,1,0,0,0,0,1,0
1101,42,17,95,3,0.5,3,0,0,0,0,0,0
1102,29,3,84,1,2.9,3,0,0,0,0,1,0
1103,38,14,49,1,1.8,1,0,0,0,0,0,0
1104,51,25,181,1,1.7,1,0,0,0,0,1,1
1105,35,10,182,1,0.3,2,229,1,0,1,1,1
1106,37,13,70,2,2.7,1,0,0,0,0,0,0
1107,47,21,79,3,1.1,1,185,0,0,0,1,1
1108,55,29,61,4,2.8,2,0,0,0,0,1,1
1109,65,41,121,2,2.1,1,0,0,0,0,1,0
1110,58,33,34,3,0.2,1,83,0,0,0,1,0
1111,54,28,183,1,1.0,1,442,0,0,0,0,0
1112,52,28,51,1,1.6,3,0,0,1,0,0,1
1113,28,2,70,3,0.3,3,0,0,0,0,0,1
1114,32,8,39,1,1.7,1,0,0,0,0,1,1
1115,51,24,84,3,2.0,2,0,0,0,0,0,0
1116,43,18,122,1,7.0,1,0,0,0,0,1,1
1117,42,18,145,1,1.7,1,132,0,0,0,1,1
1118,42,17,98,2,0.4,1,0,0,0,0,1,1
1119,41,16,79,1,1.0,3,233,0,0,0,1,0
1120,34,8,38,2,2.0,3,0,0,0,0,1,1
1121,30,6,49,3,0.7,2,196,0,0,0,0,1
1122,32,7,38,1,1.0,1,0,0,0,0,1,0
1123,46,20,91,4,2.6,3,0,0,0,0,0,0
1124,38,12,29,4,0.2,1,0,0,0,0,0,1
1125,37,13,172,2,6.5,1,0,0,0,0,0,0
1126,32,8,104,2,3.7,1,0,1,0,0,0,1
1127,35,9,58,1,2.5,1,0,0,0,0,1,1
1128,30,5,171,2,1.9,2,0,1,0,0,0,0
1129,30,4,73,3,3.3,1,0,1,0,1,1,1
1130,58,32,191,1,2.9,1,0,0,0,0,0,0
1131,57,27,90,2,4.5,3,0,0,0,0,1,0
1132,34,9,55,3,2.3,1,0,0,1,1,1,1
1133,31,4,28,1,2.0,2,0,0,0,0,0,0
1134,39,14,42,1,2.5,3,0,0,0,0,1,0
1135,57,33,9,1,0.1,2,91,0,1,0,1,0
1136,47,21,65,1,1.5,2,0,0,1,0,1,0
1137,51,26,134,4,4.5,3,0,1,1,1,1,0
1138,30,6,83,4,3.4,1,0,0,1,0,1,0
1139,55,28,38,3,1.0,2,0,0,0,0,1,0
1140,32,6,13,4,0.3,1,0,0,0,0,1,1
1141,32,7,143,3,2.9,3,0,1,0,0,1,0
1142,44,20,75,4,1.9,1,0,0,0,0,0,0
1143,33,7,120,1,3.2,3,0,1,0,0,1,0
1144,49,24,91,1,2.8,2,0,0,0,0,0,0
1145,32,6,99,2,1.5,3,0,0,0,0,0,1
1146,31,7,71,1,0.1,1,78,0,1,0,0,0
1147,37,13,111,1,0.8,2,0,0,0,0,0,0
1148,41,15,108,1,5.2,1,0,0,0,0,0,0
1149,56,32,158,1,7.4,1,0,0,0,0,0,0
1150,55,31,81,3,2.67,1,0,0,0,0,1,0
1151,49,23,12,2,0.1,3,0,0,1,1,1,0
1152,63,37,21,2,0.4,1,0,0,0,0,1,0
1153,55,30,55,4,0.9,1,215,0,0,0,1,1
1154,59,35,42,1,1.8,3,0,0,0,0,1,0
1155,41,16,81,2,0.4,1,0,0,0,0,0,1
1156,49,25,13,4,0.2,1,87,0,0,0,0,0
1157,48,23,132,1,0.6,1,157,0,0,0,0,0
1158,41,16,99,1,1.0,3,0,0,0,0,1,0
1159,50,26,23,4,0.2,1,0,0,0,0,0,1
1160,28,1,40,1,2.0,2,0,0,1,0,1,0
1161,36,11,181,3,1.4,1,0,1,0,0,0,0
1162,38,14,112,2,2.2,1,394,0,0,0,0,0
1163,34,9,138,2,7.8,1,227,0,0,0,1,0
1164,41,17,94,3,3.8,2,327,1,1,1,1,0
1165,43,19,113,1,1.7,1,0,0,0,0,0,0
1166,30,5,112,4,5.0,2,0,1,0,0,0,1
1167,37,12,190,2,3.0,1,475,0,0,0,1,0
1168,62,37,38,1,1.1,3,0,0,0,0,1,0
1169,40,16,32,1,1.4,3,158,0,0,0,1,0
1170,35,10,104,3,0.6,2,0,0,0,0,0,1
1171,64,40,43,1,1.9,2,0,0,0,0,1,0
1172,49,24,45,3,1.7,2,0,0,1,0,1,0
1173,24,-1,35,2,1.7,2,0,0,0,0,0,0
1174,36,10,42,4,1.2,2,0,0,0,0,1,1
1175,29,4,58,1,0.8,2,0,0,0,0,1,1
1176,29,3,103,4,3.4,1,0,1,0,0,1,0
1177,28,3,71,1,3.3,2,149,1,1,1,1,0
1178,33,7,14,1,0.4,2,98,0,0,0,1,0
1179,36,11,98,3,1.2,3,0,0,1,0,0,1
1180,42,17,90,1,0.1,2,0,0,0,0,0,1
1181,25,0,65,4,0.2,1,0,0,1,0,0,0
1182,28,2,19,4,0.4,1,0,0,0,0,1,1
1183,50,25,35,3,1.7,2,0,0,0,0,1,1
1184,34,9,71,4,1.3,1,0,0,0,0,1,0
1185,43,19,31,3,0.5,1,0,0,0,0,0,0
1186,62,38,43,4,1.2,2,0,0,0,0,1,0
1187,61,36,24,1,1.5,2,87,0,1,0,0,0
1188,45,19,58,2,0.4,3,0,0,1,0,0,1
1189,42,17,115,2,0.4,1,0,0,0,0,1,0
1190,39,15,168,2,8.0,1,152,0,1,0,0,0
1191,29,5,128,1,1.5,1,0,0,0,0,1,1
1192,45,20,138,1,7.0,1,0,0,0,0,0,1
1193,58,32,81,3,1.7,2,0,0,0,0,1,1
1194,29,3,41,4,1.3,3,0,0,0,0,1,0
1195,32,7,123,2,2.9,2,0,1,0,0,1,0
1196,37,13,71,2,2.7,1,94,0,0,0,1,0
1197,48,23,8,1,0.4,3,0,0,0,0,0,1
1198,40,14,42,2,0.7,1,101,0,0,0,1,0
1199,29,4,62,2,2.5,1,184,0,0,0,1,0
1200,36,12,22,4,1.0,1,91,0,1,0,1,0
1201,35,8,38,4,1.0,2,0,0,0,0,1,0
1202,35,11,24,4,0.4,2,0,0,0,0,0,0
1203,62,37,50,3,2.4,1,0,0,0,0,1,0
1204,26,1,190,4,1.3,2,197,1,0,0,1,0
1205,32,7,94,2,3.1,1,0,0,0,0,1,0
1206,63,37,165,4,5.1,3,0,1,0,0,0,0
1207,38,12,43,4,1.2,2,0,0,0,0,0,1
1208,50,26,48,1,1.6,2,0,0,0,0,0,1
1209,46,21,52,3,2.7,2,228,0,0,0,0,1
1210,50,24,84,4,4.9,1,0,0,0,0,1,0
1211,61,36,131,1,0.9,1,0,0,0,0,1,0
1212,34,8,44,4,0.2,1,0,0,0,0,0,0
1213,27,2,78,4,0.2,1,87,0,0,0,0,0
1214,61,36,15,4,0.4,2,0,0,0,0,0,0
1215,45,20,38,4,1.9,3,144,0,0,0,1,1
1216,50,25,84,1,1.3,3,0,0,1,0,1,0
1217,44,20,122,1,0.3,1,0,0,0,0,1,0
1218,62,36,98,2,2.8,1,0,0,0,0,0,0
1219,45,18,80,3,2.67,2,0,0,0,0,0,0
1220,41,17,165,2,8.0,1,0,0,0,0,1,0
1221,30,5,121,2,3.3,1,0,0,0,0,0,1
1222,61,37,20,3,0.4,2,94,0,0,0,0,0
1223,45,19,11,1,0.2,1,91,0,0,0,0,0
1224,59,35,45,1,1.8,3,0,0,0,0,1,0
1225,30,6,118,2,2.8,2,0,1,0,0,0,0
1226,60,36,14,2,0.3,1,109,0,0,0,1,1
1227,39,13,30,3,0.2,2,0,0,0,0,0,0
1228,56,30,45,1,0.2,1,98,0,0,0,0,0
1229,56,32,80,3,2.67,1,0,0,0,0,1,0
1230,27,1,25,4,0.3,2,0,0,0,0,1,1
1231,66,41,144,1,2.5,1,0,0,1,1,1,1
1232,43,19,84,4,0.2,3,297,0,0,0,1,0
1233,53,29,22,2,0.4,1,0,0,0,0,1,0
1234,44,18,33,3,1.5,1,0,0,0,0,1,1
1235,54,28,60,4,2.6,3,0,0,0,0,0,0
1236,31,6,81,4,2.2,2,116,0,0,0,1,0
1237,38,13,169,1,6.8,3,0,1,0,1,1,1
1238,28,2,63,2,1.6,3,0,0,0,0,1,0
1239,51,26,12,2,0.7,3,109,0,0,0,1,1
1240,52,27,15,4,0.8,1,101,0,0,0,0,0
1241,64,38,39,1,0.5,3,0,0,1,1,1,1
1242,29,4,44,4,2.0,2,0,0,0,0,1,0
1243,34,10,110,1,4.0,1,0,0,0,0,1,0
1244,33,8,130,3,6.3,2,99,1,0,0,0,1
1245,46,21,41,1,1.4,3,128,0,0,0,1,0
1246,48,22,59,1,1.4,3,241,0,0,0,1,0
1247,52,28,39,2,0.8,1,0,0,0,0,1,0
1248,44,19,35,4,0.0,2,0,0,0,0,1,0
1249,51,27,80,1,2.6,2,0,0,0,0,1,1
1250,47,20,81,1,2.67,2,0,0,0,0,1,0
1251,39,13,31,2,0.8,3,0,0,0,0,0,0
1252,42,17,93,4,1.9,3,0,0,0,0,0,0
1253,57,33,45,4,1.5,1,204,0,0,0,1,0
1254,36,12,40,2,0.6,3,0,0,0,0,1,1
1255,27,1,80,2,1.6,3,185,0,0,0,1,1
1256,31,7,20,1,0.4,3,0,0,0,0,1,0
1257,63,37,41,1,0.5,3,0,0,0,0,0,1
1258,34,8,31,1,0.3,1,104,0,0,0,1,1
1259,52,27,35,4,0.2,2,0,0,0,0,1,0
1260,57,31,40,3,1.4,3,137,0,0,0,1,1
1261,63,39,84,1,1.8,3,0,0,0,0,0,0
1262,26,1,53,2,1.6,3,0,0,0,0,1,0
1263,35,5,85,4,4.0,3,0,0,0,0,1,0
1264,58,33,138,2,3.9,1,0,0,0,0,1,0
1265,32,2,71,2,1.75,3,108,0,0,0,0,0
1266,64,39,113,1,0.8,3,0,0,0,0,0,1
1267,50,23,23,2,1.0,2,0,0,1,0,0,0
1268,34,9,62,3,2.3,1,0,0,0,0,0,0
1269,36,11,14,4,0.2,3,100,0,0,0,1,1
1270,43,18,60,2,2.2,3,0,0,0,0,0,1
1271,28,4,94,3,0.8,1,236,0,0,0,1,0
1272,64,39,83,3,1.8,2,0,0,0,0,1,0
1273,60,35,130,3,6.3,3,437,1,0,1,1,1
1274,62,37,61,4,1.7,1,0,0,0,0,0,0
1275,27,2,92,2,3.1,1,178,0,0,0,1,0
1276,42,16,20,2,0.8,3,117,0,0,0,1,1
1277,45,20,194,2,8.8,1,428,0,0,0,0,0
1278,36,10,74,1,2.5,1,0,0,0,0,0,1
1279,48,22,84,2,0.4,3,145,0,0,0,0,0
1280,65,40,98,3,1.8,2,333,0,0,0,0,0
1281,39,15,52,3,2.33,1,0,0,0,0,1,0
1282,51,26,55,1,1.3,2,236,0,0,0,0,1
1283,30,6,64,4,3.4,1,117,0,0,0,0,0
1284,65,40,128,1,2.5,1,162,0,0,0,1,0
1285,38,13,113,4,1.7,2,0,1,0,0,0,1
1286,29,3,50,3,1.1,2,0,0,0,0,0,1
1287,42,18,54,4,2.2,2,0,0,0,0,0,0
1288,63,38,129,1,0.9,1,366,0,0,0,1,0
1289,46,21,82,4,0.4,1,0,0,0,0,0,0
1290,62,38,100,4,1.7,2,0,0,0,0,1,0
1291,58,34,44,4,2.2,1,0,0,1,0,0,0
1292,56,30,164,4,0.5,2,234,1,0,1,1,1
1293,56,31,81,2,3.7,1,121,0,0,0,1,1
1294,34,10,71,1,0.1,1,257,0,0,0,1,1
1295,42,17,28,1,0.5,3,90,0,0,0,0,0
1296,30,6,80,3,1.5,1,219,0,0,0,1,0
1297,61,35,90,4,1.9,2,0,0,0,0,1,0
1298,38,14,74,1,3.6,2,0,0,0,0,1,1
1299,50,25,14,2,0.7,3,0,0,1,0,1,0
1300,61,36,23,2,0.5,2,103,0,0,0,1,0
1301,41,17,153,1,1.7,1,337,0,0,0,0,1
1302,42,16,38,3,0.9,3,0,0,0,0,0,0
1303,29,5,112,2,2.0,2,382,0,1,0,0,0
1304,51,26,145,1,8.1,1,397,0,0,0,0,1
1305,32,6,28,2,0.3,2,88,0,0,0,1,0
1306,34,9,31,4,1.1,3,0,0,0,0,1,1
1307,26,2,195,1,6.33,1,0,0,0,0,1,1
1308,54,24,50,3,2.0,3,0,0,0,0,1,1
1309,38,14,71,4,2.0,3,0,0,0,0,0,0
1310,62,36,21,3,0.3,3,0,0,0,0,0,0
1311,37,11,35,2,0.8,3,125,0,0,0,0,0
1312,46,21,42,1,2.4,1,0,0,0,0,1,1
1313,52,27,78,4,3.6,3,141,0,0,0,1,0
1314,32,6,73,4,2.2,2,0,0,0,0,0,0
1315,49,25,53,2,1.0,3,181,0,0,0,0,0
1316,28,3,51,2,1.6,3,123,0,0,0,0,0
1317,55,30,40,2,2.3,3,0,0,0,0,1,0
1318,52,26,178,1,1.0,1,0,0,0,0,0,0
1319,32,6,35,2,0.3,1,0,0,0,0,0,1
1320,31,7,192,1,0.0,2,0,1,0,0,1,0
1321,27,3,123,1,5.4,1,0,0,0,0,0,0
1322,32,5,48,2,1.67,2,0,0,1,1,1,1
1323,52,26,45,3,0.6,2,0,0,0,0,0,0
1324,52,28,15,1,0.2,1,0,0,0,0,1,0
1325,50,24,79,1,0.3,1,120,0,0,0,1,0
1326,32,5,63,4,2.0,2,0,0,1,0,1,0
1327,61,35,30,2,0.2,3,0,0,0,0,1,0
1328,60,36,145,4,6.9,1,380,1,0,0,0,1
1329,28,4,32,3,1.0,2,0,0,0,0,0,0
1330,34,9,64,2,0.1,1,224,0,0,0,1,1
1331,31,7,84,1,0.1,1,0,0,0,0,1,0
1332,31,5,21,1,0.4,2,0,0,0,0,1,0
1333,62,38,99,4,1.7,2,0,0,0,0,1,0
1334,47,22,35,2,1.3,1,0,0,0,0,1,0
1335,50,24,180,1,1.7,1,0,0,0,0,1,1
1336,36,12,42,1,1.33,1,0,0,0,0,1,0
1337,26,0,179,4,2.1,2,0,1,0,0,0,0
1338,51,27,42,4,0.1,3,0,0,0,0,0,0
1339,52,25,180,2,9.0,2,297,1,0,0,1,0
1340,35,11,82,4,3.4,1,0,0,0,0,0,0
1341,42,16,55,2,0.7,1,149,0,0,0,0,0
1342,36,12,79,2,2.2,1,0,0,0,0,1,0
1343,41,17,48,2,0.6,3,215,0,0,0,0,1
1344,49,25,93,1,2.7,1,0,0,1,0,1,0
1345,57,32,23,2,0.2,3,0,0,0,0,0,0
1346,44,20,50,3,2.33,1,200,0,0,0,0,0
1347,60,34,85,2,2.0,1,0,0,0,0,1,0
1348,38,14,35,1,1.5,2,97,0,0,0,1,0
1349,26,2,171,3,6.0,2,0,1,0,0,1,0
1350,29,2,29,4,1.5,2,0,0,0,0,0,1
1351,59,35,84,1,1.8,3,0,0,0,0,1,1
1352,51,27,20,4,0.5,2,0,0,0,0,1,0
1353,50,25,14,1,0.4,3,0,0,0,0,1,1
1354,35,10,179,1,8.6,1,357,0,0,0,0,0
1355,61,37,48,1,0.8,1,158,0,0,0,1,0
1356,42,16,74,1,2.8,1,0,0,0,0,1,0
1357,55,29,53,1,1.4,1,0,0,0,0,0,0
1358,50,25,83,1,2.8,2,0,0,0,0,1,1
1359,64,40,171,2,2.1,1,433,0,0,0,0,0
1360,54,28,85,4,4.9,1,0,0,0,0,1,0
1361,50,26,38,4,0.9,2,0,0,0,0,1,0
1362,31,5,85,3,1.6,1,157,0,0,0,1,1
1363,32,8,79,1,0.1,1,0,0,0,0,0,0
1364,44,19,69,4,0.4,1,0,0,0,0,0,0
1365,60,35,43,3,0.9,3,0,0,0,0,1,1
1366,60,34,33,2,0.3,1,101,0,0,0,1,0
1367,62,38,42,3,0.1,3,149,0,0,0,0,1
1368,46,21,40,4,1.9,3,122,0,0,0,1,0
1369,57,33,43,1,1.8,3,0,0,0,0,0,0
1370,30,5,20,4,0.5,3,117,0,0,0,0,0
1371,58,32,65,3,2.5,1,222,0,0,0,1,0
1372,39,13,139,3,3.4,1,483,1,0,0,1,0
1373,60,35,135,3,0.3,3,0,1,0,0,1,0
1374,59,34,84,3,1.6,3,0,0,0,0,1,0
1375,50,26,179,1,2.9,3,0,1,0,0,0,1
1376,63,39,45,4,1.3,2,86,0,0,0,0,0
1377,27,3,109,2,2.5,1,0,0,0,0,1,0
1378,54,29,34,4,0.1,3,0,0,0,0,1,0
1379,62,37,162,1,1.3,1,0,0,0,0,1,0
1380,60,34,105,2,1.4,1,0,0,0,0,1,0
1381,38,12,22,3,0.2,2,0,0,0,0,1,0
1382,34,8,82,2,1.8,1,178,0,0,0,1,1
1383,65,41,105,4,1.7,2,230,0,1,0,1,0
1384,55,31,62,1,1.8,3,0,0,0,0,1,0
1385,57,31,82,2,2.0,1,83,0,0,0,0,1
1386,27,3,72,4,0.0,1,0,0,0,0,1,0
1387,35,10,38,4,1.7,1,0,0,0,0,1,1
1388,52,28,25,4,1.0,1,0,0,0,0,0,0
1389,45,15,20,1,0.75,3,0,0,0,0,1,0
1390,29,3,80,4,1.8,2,0,0,0,0,1,1
1391,44,18,84,3,1.1,1,0,0,0,0,0,0
1392,47,23,33,1,1.0,1,0,0,0,0,1,1
1393,62,37,55,3,0.9,3,0,0,0,0,1,0
1394,52,27,33,2,0.7,2,0,0,0,0,0,1
1395,47,23,190,4,0.3,3,305,1,0,0,0,0
1396,42,18,43,1,0.3,3,158,0,0,0,0,0
1397,65,41,45,3,0.1,3,0,0,0,0,1,0
1398,42,18,141,1,3.5,1,0,0,0,0,0,0
1399,40,16,69,4,2.4,1,0,0,0,0,1,0
1400,32,8,78,4,0.1,2,0,0,0,0,1,0
1401,40,15,84,1,3.7,3,0,0,0,0,1,0
1402,55,29,172,1,5.2,2,0,1,0,0,0,0
1403,32,6,51,4,0.2,1,154,0,1,0,0,1
1404,58,28,75,1,1.4,3,0,0,0,0,1,0
1405,46,22,183,1,3.1,2,0,1,0,1,1,1
1406,53,23,20,4,0.4,3,0,0,0,0,1,1
1407,63,39,101,2,3.9,3,294,1,0,0,1,0
1408,40,14,129,1,5.9,3,0,1,0,0,1,0
1409,41,17,63,2,3.2,1,0,0,0,0,0,0
1410,60,35,44,4,2.1,1,0,0,0,0,0,0
1411,65,39,184,1,5.4,3,176,1,0,1,1,1
1412,59,33,100,2,2.0,1,127,0,0,0,0,0
1413,48,24,12,3,0.4,1,0,0,0,0,0,0
1414,59,33,68,2,2.3,3,128,0,1,0,1,0
1415,33,8,48,1,1.0,1,212,0,0,0,1,0
1416,40,15,82,2,0.4,1,0,0,0,0,0,0
1417,42,18,52,2,2.5,1,0,0,0,0,0,0
1418,65,41,154,2,4.6,2,0,1,1,1,1,1
1419,30,4,39,1,1.5,1,0,0,0,0,0,1
1420,30,4,40,1,0.3,1,0,0,0,1,1,1
1421,42,17,54,4,1.9,3,164,0,0,0,0,0
1422,32,8,32,2,1.0,2,103,0,0,1,1,1
1423,55,30,64,2,2.3,3,0,0,0,0,0,0
1424,29,3,92,2,1.3,1,287,0,0,0,1,0
1425,64,38,40,1,2.5,3,94,0,0,0,1,1
1426,37,11,60,3,0.5,3,0,0,0,0,1,0
1427,31,5,85,2,1.3,1,119,0,0,0,1,1
1428,25,-1,21,4,0.4,1,90,0,0,0,1,0
1429,31,5,35,1,0.6,3,171,0,0,0,0,0
1430,32,7,52,2,0.1,1,0,0,0,0,1,0
1431,58,34,128,1,7.4,1,0,0,0,0,0,0
1432,26,2,195,1,6.33,1,0,0,0,0,0,0
1433,51,25,68,2,1.5,2,117,0,0,0,0,1
1434,65,41,55,2,1.1,1,0,0,0,0,0,0
1435,43,17,55,1,0.2,1,0,0,0,0,1,0
1436,46,21,80,4,0.4,1,0,0,0,0,1,1
1437,28,3,123,1,0.8,1,146,0,0,0,0,0
1438,63,37,90,4,1.9,2,106,0,1,0,1,0
1439,59,29,61,1,1.4,3,0,0,0,0,0,0
1440,42,15,41,3,2.5,2,0,0,0,0,1,0
1441,58,33,43,2,1.6,3,0,0,0,0,1,0
1442,39,13,71,3,0.1,1,162,0,1,0,1,0
1443,36,12,25,4,1.0,1,0,0,0,0,1,0
1444,60,33,154,1,3.0,2,0,1,1,1,1,0
1445,47,21,141,1,2.4,1,0,0,0,0,0,0
1446,29,4,22,2,0.9,3,110,0,0,0,0,0
1447,52,28,145,2,6.8,1,0,0,0,0,1,0
1448,41,16,49,3,0.5,3,0,0,0,0,1,0
1449,63,37,109,1,2.0,1,0,0,0,0,1,0
1450,59,34,80,3,0.5,1,0,0,0,0,1,1
1451,44,20,82,4,1.4,2,201,0,0,0,1,1
1452,54,28,52,4,2.5,1,0,0,0,0,1,0
1453,29,5,85,3,2.5,1,0,0,0,0,1,1
1454,51,25,148,1,1.0,1,0,0,0,0,0,0
1455,63,39,160,2,2.1,1,0,0,0,0,0,1
1456,36,11,39,4,1.7,1,0,0,0,0,1,0
1457,42,16,25,2,0.8,3,0,0,0,0,0,1
1458,51,25,33,1,1.4,3,0,0,0,0,1,1
1459,47,20,38,3,2.5,2,0,0,0,0,0,0
1460,40,16,85,4,0.2,3,0,0,0,0,1,1
1461,54,28,48,1,0.2,1,0,0,0,0,1,0
1462,47,21,15,4,0.6,3,77,0,0,0,1,0
1463,35,10,94,1,0.0,1,174,0,0,0,1,0
1464,28,4,120,2,0.6,1,0,0,0,0,1,0
1465,45,19,60,1,0.7,3,159,0,0,0,1,0
1466,33,9,145,2,4.33,1,277,0,0,0,0,1
1467,62,36,29,2,0.7,3,0,0,0,0,0,0
1468,45,18,78,3,2.67,2,0,0,0,0,1,0
1469,59,35,59,4,1.2,2,0,0,0,0,1,0
1470,58,28,80,2,4.5,3,0,0,0,0,0,1
1471,52,26,180,1,1.0,1,0,0,0,0,1,1
1472,34,8,8,3,0.1,2,83,0,0,0,1,0
1473,65,35,23,1,1.5,3,0,0,0,0,1,0
1474,48,23,79,2,3.8,3,0,0,0,0,1,0
1475,44,19,78,2,3.8,3,268,0,0,0,0,0
1476,61,37,64,1,0.0,2,0,0,0,0,0,1
1477,40,14,64,4,0.2,3,0,0,0,0,1,1
1478,65,39,160,4,3.8,1,237,1,0,0,1,0
1479,28,4,43,1,1.0,3,102,0,0,0,0,0
1480,67,42,32,1,1.1,3,0,0,0,0,0,1
1481,35,9,179,2,0.0,1,76,0,1,0,1,0
1482,60,35,8,1,0.1,1,0,0,0,0,1,0
1483,58,32,63,1,1.6,1,0,0,1,0,1,0
1484,55,30,40,2,2.3,3,0,0,1,0,1,0
1485,34,9,99,4,2.2,2,155,0,0,0,1,0
1486,35,9,141,2,4.5,2,0,1,0,0,0,0
1487,28,4,159,1,1.5,1,0,0,0,0,1,1
1488,38,12,39,2,0.3,1,174,0,0,0,1,0
1489,62,38,99,4,1.7,2,0,0,0,0,0,0
1490,30,4,18,4,0.3,2,0,0,0,0,1,1
1491,38,12,38,2,0.3,1,0,0,0,0,1,1
1492,33,8,133,1,0.0,1,0,0,0,0,1,0
1493,58,34,84,2,2.8,1,0,0,0,0,1,1
1494,59,35,60,1,0.0,2,0,0,0,0,1,1
1495,52,28,178,3,5.4,3,147,1,0,0,1,0
1496,36,12,18,1,0.5,3,0,0,0,0,0,1
1497,45,21,73,1,0.8,3,0,0,0,0,1,0
1498,49,23,125,1,7.3,1,0,0,0,0,0,0
1499,52,26,91,1,4.3,2,0,1,0,1,1,1
1500,54,28,74,2,1.1,1,0,0,0,0,1,0
1501,30,4,35,2,0.3,2,0,0,1,0,0,1
1502,65,39,113,1,2.0,1,0,0,0,0,1,1
1503,34,8,52,4,2.2,2,0,0,0,0,0,0
1504,30,6,191,2,4.4,2,0,1,0,0,1,0
1505,51,25,18,1,0.3,3,93,0,0,0,0,1
1506,52,27,25,2,0.0,1,0,0,0,0,1,1
1507,43,18,50,4,1.9,3,0,0,0,0,0,0
1508,35,10,75,4,0.7,3,0,0,0,0,1,1
1509,56,26,92,2,4.5,3,0,0,1,0,0,1
1510,57,32,33,2,2.0,2,0,0,0,0,1,0
1511,58,32,65,3,2.2,3,0,0,0,0,0,0
1512,53,28,44,3,1.7,1,0,0,0,0,0,0
1513,45,21,183,2,1.4,1,354,0,0,0,0,0
1514,44,20,175,2,1.4,1,0,0,0,0,1,1
1515,54,28,28,4,1.5,3,0,0,0,0,1,1
1516,41,17,49,4,2.2,2,0,0,0,0,0,0
1517,52,26,45,4,1.8,1,0,0,0,0,1,0
1518,43,17,64,4,3.0,3,221,1,0,0,1,0
1519,63,38,22,3,0.1,3,90,0,0,0,1,0
1520,54,30,120,1,7.4,1,119,0,0,0,1,1
1521,33,8,175,2,6.7,1,102,0,0,0,1,0
1522,25,-1,101,4,2.3,3,256,0,0,0,0,1
1523,41,16,104,1,1.0,3,0,0,0,0,1,0
1524,40,16,155,4,0.1,3,0,1,0,1,1,1
1525,43,18,58,1,2.4,1,0,0,0,0,0,0
1526,36,10,80,4,2.2,2,0,0,0,0,1,0
1527,57,33,45,1,1.8,3,195,0,0,0,0,0
1528,34,9,134,1,4.6,1,164,0,1,0,1,0
1529,38,14,58,4,2.0,3,153,0,1,0,0,0
1530,47,21,20,1,0.2,1,0,0,0,0,1,1
1531,39,13,25,4,1.5,3,0,0,0,0,1,0
1532,45,20,55,1,0.3,1,0,0,0,0,1,1
1533,62,37,155,1,1.3,1,0,0,0,0,0,0
1534,59,34,30,1,1.3,1,0,0,0,0,1,1
1535,61,37,39,4,0.4,1,0,0,0,0,1,1
1536,36,12,73,4,2.0,3,188,0,0,0,1,0
1537,58,34,41,4,1.3,1,0,0,0,0,1,0
1538,55,30,34,4,0.1,3,157,0,0,0,1,0
1539,29,5,21,3,0.9,3,119,0,0,0,0,0
1540,34,8,11,4,0.3,1,0,0,1,1,1,1
1541,61,35,154,2,6.9,1,0,0,0,0,0,0
1542,50,20,19,4,0.4,3,0,0,0,0,0,0
1543,52,26,101,2,2.4,2,0,0,0,0,1,0
1544,39,15,24,1,1.0,1,116,0,0,0,1,1
1545,55,29,131,2,2.7,1,0,0,1,0,0,0
1546,33,9,105,1,4.0,1,0,0,0,0,1,0
1547,47,21,52,1,1.2,2,194,0,0,0,0,0
1548,57,32,21,4,0.9,2,113,0,1,0,0,0
1549,57,31,45,3,1.4,1,198,0,0,0,1,0
1550,40,14,39,1,2.0,1,0,0,0,0,1,0
1551,50,25,192,2,2.8,1,238,0,0,0,0,1
1552,29,5,195,1,4.3,1,0,0,0,0,0,0
1553,46,22,83,3,0.7,1,0,0,0,0,0,0
1554,42,15,34,3,1.0,2,0,0,1,0,1,0
1555,59,33,49,4,1.7,2,104,0,0,0,1,0
1556,31,1,60,4,4.0,3,244,0,0,0,0,0
1557,51,25,41,4,1.8,1,0,0,0,0,0,0
1558,35,10,72,3,2.3,1,285,0,0,0,0,0
1559,59,35,102,4,3.0,2,115,1,0,0,1,0
1560,35,10,31,3,1.3,1,0,0,0,0,0,0
1561,46,20,73,1,1.5,2,128,0,0,0,1,0
1562,34,9,89,1,0.0,1,0,0,0,0,1,0
1563,55,29,19,4,0.7,3,121,0,1,0,0,1
1564,64,40,63,4,1.2,2,0,0,0,0,1,0
1565,34,9,104,3,1.2,3,0,0,0,0,1,0
1566,61,35,40,1,0.8,2,128,0,0,0,1,0
1567,63,39,92,2,0.0,3,0,0,0,0,1,0
1568,59,33,72,2,0.7,2,226,0,0,0,0,0
1569,51,27,44,3,1.9,2,141,0,0,0,0,0
1570,41,16,114,4,3.5,1,0,1,0,0,0,1
1571,37,13,73,4,2.4,1,0,0,0,0,0,0
1572,64,40,63,4,1.2,2,0,0,1,0,0,1
1573,44,20,69,1,0.8,3,184,0,0,1,1,1
1574,62,37,42,3,1.5,1,0,0,0,0,1,0
1575,50,26,88,1,2.7,1,0,0,0,0,1,0
1576,43,18,98,2,0.4,1,0,0,0,0,1,0
1577,34,8,65,1,3.0,1,227,1,0,0,1,0
1578,38,13,12,2,0.3,2,104,0,1,0,1,0
1579,29,5,122,4,3.0,1,0,1,0,0,0,1
1580,39,14,12,2,0.0,3,0,0,0,0,0,0
1581,53,29,24,2,0.2,1,0,0,0,0,0,1
1582,43,19,170,4,4.25,1,318,1,0,1,1,1
1583,61,36,184,4,2.3,2,342,1,0,1,1,1
1584,46,20,25,4,0.6,3,125,0,0,0,0,0
1585,57,31,131,2,2.7,1,0,0,0,0,0,0
1586,59,33,50,2,2.3,3,0,0,0,0,0,1
1587,52,28,21,2,0.4,1,0,0,1,0,1,0
1588,29,3,55,3,1.1,2,0,0,0,0,1,0
1589,57,32,124,1,0.2,2,0,1,0,0,1,0
1590,49,23,58,4,2.6,1,188,0,0,0,0,0
1591,39,13,72,2,2.8,1,0,0,0,0,1,0
1592,56,31,192,1,7.0,3,0,1,0,1,1,0
1593,63,38,83,3,1.8,2,0,0,0,0,1,0
1594,37,12,93,1,2.8,1,0,0,1,0,1,0
1595,56,26,38,3,1.0,3,110,0,1,0,1,0
1596,45,20,55,4,1.9,3,164,0,1,0,0,0
1597,66,41,11,3,0.1,3,0,0,1,0,0,1
1598,40,15,85,2,0.4,1,0,0,1,0,0,0
1599,50,24,124,1,4.9,1,266,0,0,0,1,0
1600,60,36,129,2,6.0,1,0,0,0,0,1,0
1601,31,7,180,1,4.3,1,0,0,0,0,0,0
1602,40,14,74,4,1.4,2,0,0,0,0,1,0
1603,36,6,138,1,7.0,3,86,1,0,0,1,0
1604,55,29,111,2,3.6,3,0,1,0,0,0,1
1605,54,28,83,3,0.8,1,0,0,0,0,1,0
1606,35,10,33,4,1.7,1,87,0,0,0,1,0
1607,55,29,21,4,0.7,3,0,0,0,0,0,0
1608,36,10,35,2,0.3,1,98,0,0,0,1,0
1609,66,41,105,1,0.8,3,0,0,1,1,1,1
1610,38,14,103,1,0.8,2,0,0,0,0,0,1
1611,58,32,75,2,2.3,3,0,0,0,0,0,0
1612,41,17,33,1,0.7,1,104,0,0,0,0,0
1613,60,34,52,4,1.7,2,0,0,1,0,1,0
1614,47,23,89,1,2.6,2,0,0,1,1,1,1
1615,62,36,63,1,2.5,3,0,0,0,0,0,0
1616,48,23,84,4,3.1,2,0,1,1,1,1,0
1617,61,36,44,4,2.1,1,0,0,0,0,0,0
1618,29,3,29,3,1.0,1,0,0,0,0,1,1
1619,45,21,29,1,0.3,3,0,0,0,0,1,0
1620,39,14,22,2,0.3,2,0,0,0,0,1,0
1621,31,6,53,4,2.2,1,114,0,0,0,1,0
1622,39,14,24,2,0.3,2,0,0,0,0,1,0
1623,63,38,153,1,1.3,1,455,0,0,0,0,0
1624,28,2,31,2,0.3,2,0,0,1,0,1,0
1625,56,30,21,2,0.7,2,0,0,0,0,1,0
1626,31,6,180,2,6.7,1,0,0,0,0,0,0
1627,46,20,82,3,0.7,2,0,0,0,0,1,1
1628,42,18,90,4,0.8,1,245,0,1,0,0,0
1629,53,29,154,4,7.4,3,0,1,0,0,0,0
1630,41,17,99,2,1.8,2,0,0,0,0,1,1
1631,61,36,153,1,2.6,2,0,1,1,1,0,1
1632,31,5,93,2,3.1,2,0,1,0,0,1,0
1633,62,38,53,1,0.0,2,0,0,0,0,0,0
1634,59,34,18,3,1.3,2,104,0,0,1,1,1
1635,49,24,70,1,2.9,1,0,0,0,0,0,0
1636,65,39,100,4,1.7,3,0,0,0,0,0,1
1637,30,6,193,3,6.3,3,0,1,0,0,1,0
1638,32,7,125,1,0.0,1,0,0,0,0,1,1
1639,56,31,68,2,0.0,3,0,0,1,0,1,0
1640,36,10,55,1,2.0,1,95,0,0,0,1,0
1641,58,34,152,4,3.6,3,0,1,0,0,0,0
1642,27,3,84,3,1.5,1,0,0,0,0,1,1
1643,41,16,13,2,0.0,3,0,0,0,0,1,0
1644,59,35,33,4,0.4,1,131,0,0,0,0,1
1645,56,32,89,4,1.0,2,90,0,1,0,1,0
1646,52,26,93,1,2.4,1,0,0,0,0,1,0
1647,35,5,68,4,1.8,3,0,0,0,0,0,0
1648,47,21,85,2,1.7,2,0,0,0,0,0,1
1649,29,4,73,1,0.8,2,0,0,0,0,1,0
1650,31,6,83,4,2.2,2,106,0,0,0,1,0
1651,62,36,158,2,6.3,3,0,1,0,0,1,0
1652,48,18,182,4,6.0,3,0,1,0,0,1,0
1653,26,1,24,2,0.9,3,123,0,0,0,0,1
1654,60,34,102,2,2.0,1,0,0,0,0,1,1
1655,35,11,53,3,2.8,1,0,0,0,0,0,0
1656,40,15,175,2,3.3,1,0,0,0,0,1,0
1657,31,5,28,3,1.0,1,0,0,0,0,1,0
1658,50,25,14,4,0.8,1,0,0,0,0,1,0
1659,33,7,139,1,4.0,3,106,1,0,1,1,1
1660,37,11,34,3,0.9,1,0,0,0,0,1,0
1661,38,14,64,1,1.5,3,0,0,0,0,0,1
1662,63,38,84,4,0.1,2,0,0,0,0,0,0
1663,57,32,42,3,0.5,2,0,0,1,0,1,0
1664,61,35,63,1,1.6,1,0,0,0,0,1,0
1665,37,12,100,3,1.2,3,341,0,0,0,1,1
1666,51,25,190,2,4.2,2,0,1,0,0,1,0
1667,44,20,22,1,1.0,1,91,0,0,0,0,0
1668,63,37,20,1,0.8,2,0,0,1,0,0,1
1669,43,18,21,2,1.4,2,0,0,0,0,1,1
1670,38,14,25,4,0.4,2,101,0,0,0,1,0
1671,34,9,20,4,1.1,3,0,0,0,0,1,0
1672,48,23,173,3,0.2,1,0,1,0,1,1,1
1673,29,5,81,2,2.5,1,0,0,0,0,0,1
1674,37,11,139,2,0.8,2,421,1,0,0,1,0
1675,60,35,119,2,3.9,1,0,0,1,0,1,0
1676,46,20,74,4,2.6,3,104,0,0,0,1,0
1677,34,10,42,1,1.5,2,131,0,0,0,0,0
1678,56,30,73,2,1.1,1,0,0,0,0,0,0
1679,57,31,114,4,5.2,1,0,1,1,1,1,0
1680,62,36,44,2,1.0,3,0,0,0,0,0,0
1681,32,8,141,2,4.33,1,0,0,0,0,0,0
1682,51,26,14,2,0.0,1,103,0,0,0,1,0
1683,55,29,33,2,0.4,3,0,0,0,0,0,0
1684,60,34,83,2,2.0,1,249,0,0,0,0,0
1685,40,16,89,4,0.8,1,155,0,0,0,1,0
1686,62,38,39,4,2.2,1,0,0,1,0,1,0
1687,63,39,83,3,2.0,3,0,0,0,0,1,1
1688,60,34,108,2,2.0,1,359,0,0,0,1,0
1689,59,34,21,3,1.3,2,0,0,0,0,1,1
1690,26,1,102,1,1.9,1,0,0,0,0,0,0
1691,56,32,48,1,1.6,3,0,0,0,0,0,1
1692,58,32,32,3,1.4,1,0,0,0,0,1,0
1693,57,31,43,1,0.2,1,0,0,0,0,0,0
1694,48,23,35,4,0.4,2,118,0,0,0,0,0
1695,30,6,184,1,6.0,1,0,0,0,0,1,0
1696,45,21,140,2,7.6,1,132,0,0,0,0,0
1697,64,38,32,3,0.7,2,0,0,0,0,1,1
1698,44,20,149,1,1.7,1,0,0,0,0,1,0
1699,51,25,15,4,0.6,3,0,0,0,0,0,1
1700,43,16,71,3,2.33,2,0,0,0,0,0,0
1701,29,3,108,4,1.8,2,0,0,0,0,0,0
1702,56,30,122,2,0.5,1,0,0,0,0,0,1
1703,65,41,40,3,0.1,3,0,0,0,0,1,0
1704,46,22,198,2,6.67,1,0,0,0,0,0,1
1705,48,24,79,4,1.4,2,0,0,1,0,0,1
1706,56,31,84,1,0.1,3,0,0,0,0,1,0
1707,61,37,31,3,0.4,2,0,0,0,0,0,1
1708,46,20,12,4,0.6,3,0,0,0,0,0,1
1709,58,34,88,2,1.6,1,0,0,0,0,1,1
1710,31,5,29,2,0.3,2,131,0,0,0,1,1
1711,27,3,201,1,6.33,1,158,0,0,0,1,0
1712,44,20,20,1,1.4,3,0,0,0,0,0,0
1713,44,20,15,1,1.0,1,0,0,0,0,1,0
1714,51,27,155,2,0.4,1,107,0,0,0,0,1
1715,39,13,25,3,0.2,2,0,0,0,0,1,0
1716,32,8,200,2,6.5,1,565,0,0,0,1,0
1717,33,7,101,1,2.7,2,233,0,0,0,0,0
1718,40,16,19,4,0.4,2,0,0,0,0,1,1
1719,36,12,188,2,6.5,1,0,0,0,0,1,1
1720,52,28,8,1,0.3,1,0,0,0,0,1,0
1721,54,29,59,2,2.3,3,152,0,0,0,1,0
1722,26,2,72,4,2.6,1,0,0,1,1,1,0
1723,39,15,55,1,1.5,3,0,0,0,0,1,0
1724,46,19,24,3,0.67,2,0,0,0,0,1,0
1725,57,32,19,1,1.3,1,0,0,0,0,1,0
1726,59,33,71,2,2.3,3,150,0,0,0,1,1
1727,52,26,54,2,1.5,2,0,0,0,0,0,1
1728,52,26,28,1,0.3,3,0,0,0,0,1,0
1729,50,20,25,4,0.4,3,0,0,0,0,1,0
1730,41,17,51,2,0.6,3,0,0,0,0,0,1
1731,43,19,125,3,2.4,1,0,1,0,0,1,0
1732,25,0,88,2,1.8,2,319,0,0,0,1,1
1733,40,16,125,2,2.2,1,0,0,0,0,1,0
1734,35,10,79,4,2.1,3,182,0,0,0,1,0
1735,60,36,31,3,0.4,2,0,0,0,0,1,1
1736,57,31,131,2,2.7,1,394,0,0,0,0,1
1737,44,19,70,1,0.2,2,230,0,1,0,0,0
1738,61,36,38,3,0.9,3,82,0,0,0,1,1
1739,33,7,83,1,2.5,1,0,0,1,1,1,1
1740,45,20,59,1,2.4,1,0,0,1,1,1,0
1741,45,21,121,1,4.7,1,0,0,0,0,0,0
1742,64,38,42,2,0.7,3,137,0,0,0,1,0
1743,50,24,32,4,1.8,1,109,0,0,0,1,0
1744,28,3,29,4,0.8,1,135,0,0,0,1,0
1745,37,12,40,2,1.1,2,0,0,1,0,0,1
1746,62,36,25,3,0.3,3,0,0,0,0,1,1
1747,29,5,21,4,0.4,2,89,0,0,0,0,1
1748,49,23,79,3,0.7,2,151,0,0,0,1,0
1749,46,22,52,2,2.1,3,221,0,0,0,0,0
1750,60,34,61,4,1.7,2,229,0,0,0,0,0
1751,55,31,25,2,0.2,1,0,0,0,0,0,0
1752,33,8,155,1,7.4,3,0,1,0,0,0,0
1753,53,29,25,2,0.4,1,0,0,0,0,1,0
1754,50,24,80,4,4.9,1,0,0,0,0,1,0
1755,28,3,55,4,1.7,2,0,0,0,0,1,1
1756,42,17,23,2,0.0,3,0,0,0,0,0,0
1757,33,9,60,1,1.2,1,0,0,0,0,1,1
1758,40,14,54,2,0.7,1,0,0,0,0,0,0
1759,31,6,44,4,0.8,1,0,0,0,0,0,0
1760,41,16,33,4,0.0,2,0,0,0,0,1,0
1761,52,27,45,2,2.0,2,121,0,0,0,0,1
1762,65,35,55,4,1.67,3,89,0,0,0,1,1
1763,48,24,134,1,5.0,1,0,0,0,0,0,1
1764,45,21,44,3,0.6,2,0,0,0,0,1,0
1765,26,0,149,2,7.2,1,154,0,0,0,0,0
1766,64,38,22,2,0.2,3,0,0,1,0,0,0
1767,41,14,74,3,2.33,2,0,0,0,0,1,0
1768,43,18,128,4,5.3,1,84,1,0,0,0,0
1769,60,36,62,4,2.2,1,0,0,0,0,0,0
1770,62,37,9,1,0.1,1,94,0,0,0,0,0
1771,46,21,9,2,0.7,3,0,0,0,0,1,0
1772,36,11,15,2,0.3,2,119,0,0,0,0,0
1773,31,5,28,4,0.8,1,0,0,0,0,0,0
1774,43,18,83,3,0.5,3,0,0,0,0,0,1
1775,46,22,73,1,0.8,3,117,0,0,0,0,0
1776,50,26,42,4,1.1,2,151,0,0,0,1,0
1777,52,27,34,2,0.7,2,114,0,0,0,1,1
1778,27,3,32,3,1.0,2,0,0,0,0,0,0
1779,34,9,68,1,2.8,1,0,0,0,0,1,0
1780,49,24,82,1,2.9,1,267,0,0,0,1,0
1781,52,26,19,2,0.7,2,0,0,0,0,0,1
1782,37,11,60,2,2.8,1,181,0,0,0,0,1
1783,53,27,192,1,1.7,1,601,0,0,0,1,0
1784,54,29,119,3,2.0,1,0,1,1,1,0,0
1785,29,3,190,2,4.5,1,0,0,0,0,1,0
1786,35,11,34,1,1.5,2,0,0,0,0,0,0
1787,32,6,44,4,0.2,1,0,0,1,1,1,1
1788,38,13,23,4,0.2,3,0,0,0,0,1,0
1789,44,20,171,4,0.7,1,567,1,0,1,1,1
1790,44,20,43,1,0.3,3,0,0,1,0,0,1
1791,48,22,139,1,0.0,1,0,0,0,1,1,1
1792,46,20,118,1,5.7,1,0,0,0,1,1,1
1793,35,9,113,3,0.8,3,0,1,0,0,1,0
1794,56,32,98,3,3.9,3,0,1,0,0,0,0
1795,49,24,70,1,2.9,1,0,0,0,0,0,1
1796,57,32,42,2,2.1,3,0,0,0,0,1,0
1797,35,10,143,1,8.6,1,0,0,0,0,1,1
1798,44,20,185,3,2.7,1,0,1,0,0,1,0
1799,38,14,28,4,0.4,2,100,0,0,0,1,0
1800,57,33,45,3,1.5,1,181,0,1,1,1,1
1801,35,10,78,1,2.6,2,0,0,0,0,0,0
1802,29,3,121,2,1.3,1,0,0,0,0,0,0
1803,58,32,59,1,1.6,1,0,0,0,0,1,0
1804,40,16,64,4,2.67,1,0,0,1,0,1,0
1805,51,26,15,2,0.0,1,114,0,0,0,1,0
1806,61,36,10,1,0.1,1,0,0,0,0,0,0
1807,46,20,61,2,0.4,3,0,0,0,0,0,0
1808,55,31,50,4,1.5,1,0,0,0,0,1,0
1809,35,10,79,4,2.1,3,0,0,1,0,1,0
1810,60,34,35,1,0.2,1,0,0,0,0,1,0
1811,28,3,11,4,0.5,3,0,0,0,0,0,0
1812,43,19,128,1,4.7,1,0,0,0,0,1,0
1813,61,36,55,3,0.9,3,0,0,0,0,1,1
1814,48,22,79,3,0.7,2,0,0,0,0,1,0
1815,65,39,18,2,0.4,1,0,0,1,1,1,1
1816,45,19,91,2,1.7,2,0,0,1,0,1,0
1817,36,11,9,4,0.2,3,0,0,0,0,0,1
1818,45,20,62,2,2.2,3,0,0,0,0,1,0
1819,60,34,59,1,1.6,1,231,0,0,0,1,0
1820,47,22,25,1,0.1,1,148,0,0,0,1,0
1821,32,7,54,4,1.3,1,0,0,1,0,1,0
1822,48,23,112,1,5.1,2,86,1,1,1,1,0
1823,33,8,125,1,0.0,1,0,0,0,0,1,1
1824,49,23,194,4,8.3,2,0,1,0,0,0,1
1825,56,32,161,1,5.8,3,0,1,1,0,0,0
1826,59,33,35,1,0.2,1,171,0,0,0,0,0
1827,56,30,113,2,2.7,1,352,0,0,0,0,1
1828,30,4,25,2,0.3,2,0,0,0,0,0,0
1829,59,29,45,3,2.0,3,0,0,0,0,1,0
1830,38,13,119,2,7.8,1,221,0,0,0,0,0
1831,47,22,30,4,0.4,2,115,0,0,0,1,1
1832,54,29,79,4,3.8,2,0,0,1,0,1,0
1833,34,9,178,1,0.8,3,0,1,0,0,0,0
1834,41,16,23,2,0.3,2,118,0,0,0,0,0
1835,47,23,171,2,1.4,1,284,0,0,0,1,1
1836,44,19,74,4,1.9,3,0,0,0,0,0,0
1837,43,18,103,3,1.0,1,180,0,0,0,1,1
1838,31,7,99,1,4.0,1,0,0,0,0,1,0
1839,28,2,43,4,1.3,3,0,0,0,0,1,1
1840,55,25,23,4,0.4,3,88,0,0,0,0,0
1841,42,17,91,1,0.1,2,199,0,0,0,1,1
1842,53,29,93,1,2.7,2,256,0,0,0,1,0
1843,30,6,154,1,6.0,1,0,0,0,0,0,0
1844,65,40,21,3,0.1,3,0,0,0,0,0,1
1845,43,18,65,2,2.2,3,0,0,0,0,1,0
1846,56,32,15,1,0.1,2,0,0,0,0,1,0
1847,25,0,52,3,2.6,3,159,0,0,0,0,0
1848,35,10,30,3,1.3,1,0,0,1,1,1,1
1849,50,26,42,1,1.6,2,0,0,0,0,1,0
1850,36,10,20,4,0.3,1,97,0,0,0,1,0
1851,34,8,60,4,2.2,2,0,0,0,0,0,1
1852,32,6,54,4,1.8,3,167,0,0,0,0,0
1853,51,25,60,4,2.6,1,97,0,0,0,1,0
1854,52,25,41,3,1.0,2,0,0,0,0,1,0
1855,65,39,30,3,0.7,2,0,0,0,0,1,1
1856,51,24,21,2,1.0,2,0,0,0,0,1,0
1857,37,13,105,1,0.8,2,0,0,0,0,0,1
1858,35,11,65,3,2.8,1,240,0,0,0,1,0
1859,67,41,20,2,0.4,1,80,0,0,0,0,0
1860,30,6,179,3,4.9,1,142,1,0,0,1,0
1861,62,38,161,1,2.9,1,0,0,1,1,1,1
1862,42,17,82,1,3.7,3,0,0,0,0,1,0
1863,48,22,43,1,1.2,2,112,0,0,0,1,0
1864,61,36,61,2,2.8,1,0,0,0,0,0,0
1865,36,6,90,4,1.8,3,0,0,1,0,0,0
1866,48,24,90,1,2.6,2,334,0,0,0,1,0
1867,65,39,21,2,0.4,1,0,0,0,0,0,0
1868,25,1,118,1,5.4,1,0,0,0,0,1,1
1869,55,30,44,2,2.0,2,0,0,0,0,1,0
1870,63,37,110,1,4.1,3,0,1,0,0,0,0
1871,31,5,99,4,1.8,2,268,0,0,0,0,0
1872,43,17,98,3,1.1,1,0,0,0,0,0,0
1873,28,4,69,3,0.7,2,80,0,0,0,1,0
1874,37,11,82,3,0.9,2,218,0,0,0,1,1
1875,27,3,112,3,2.5,1,389,0,1,0,1,0
1876,62,38,123,1,2.9,1,0,0,0,0,0,0
1877,51,24,78,1,2.67,2,0,0,0,0,1,0
1878,56,30,59,3,0.8,1,159,0,1,0,1,0
1879,56,30,78,3,1.7,2,0,0,0,0,0,0
1880,44,19,49,4,1.9,3,89,0,0,0,1,0
1881,46,19,82,3,2.67,2,0,0,0,0,0,0
1882,56,32,125,3,0.6,1,342,1,0,1,1,1
1883,56,30,185,1,2.9,1,0,0,0,0,0,0
1884,57,33,163,1,7.4,1,0,0,0,0,1,0
1885,31,6,19,4,1.1,3,104,0,0,1,1,1
1886,65,41,115,4,1.7,2,0,0,0,0,0,0
1887,31,7,81,2,2.0,2,0,0,0,1,1,1
1888,36,10,93,1,2.8,3,0,0,0,0,1,0
1889,56,30,111,4,0.3,1,372,1,1,1,1,0
1890,52,27,184,1,8.1,1,0,0,0,0,0,0
1891,42,18,50,4,2.2,2,0,0,0,0,0,0
1892,55,30,55,3,1.7,1,0,0,0,0,0,1
1893,49,24,13,1,0.4,3,101,0,1,0,0,0
1894,51,25,29,4,0.1,1,0,0,0,0,1,1
1895,26,2,72,4,2.6,1,0,0,0,0,1,0
1896,32,7,83,1,2.6,2,0,0,1,0,0,1
1897,54,29,98,1,0.1,3,0,0,0,0,0,0
1898,50,24,43,4,0.1,1,0,0,0,0,1,0
1899,59,33,34,1,0.2,1,0,0,0,0,1,0
1900,61,36,10,4,0.4,2,0,0,0,0,1,0
1901,43,19,201,2,6.67,1,0,0,1,0,1,0
1902,39,14,85,3,1.2,3,107,0,0,0,1,1
1903,56,26,50,3,1.4,3,0,0,0,0,0,0
1904,38,14,91,2,0.0,1,0,0,0,0,1,0
1905,25,-1,112,2,2.0,1,241,0,0,0,1,0
1906,42,17,98,2,0.4,1,275,0,0,0,1,0
1907,42,18,115,1,0.3,1,0,0,0,0,0,0
1908,50,26,22,4,0.5,2,112,0,0,0,1,0
1909,56,30,101,3,1.7,2,0,0,0,0,0,1
1910,43,18,83,2,3.8,3,112,0,0,0,0,0
1911,60,35,52,3,0.5,2,0,0,0,0,0,0
1912,42,16,191,3,4.8,2,0,1,1,1,1,0
1913,57,33,134,4,0.9,1,198,1,0,0,1,0
1914,48,24,54,1,1.6,2,186,0,0,0,1,0
1915,37,11,69,3,2.1,1,0,0,1,0,0,0
1916,57,32,64,3,1.6,3,0,0,0,0,1,0
1917,62,32,53,4,1.67,3,142,0,0,0,0,0
1918,39,9,118,2,6.0,3,246,1,0,1,1,1
1919,38,13,19,2,1.4,2,120,0,0,0,0,1
1920,54,28,31,2,0.4,3,0,0,0,0,0,0
1921,45,21,63,1,0.8,3,245,0,0,0,1,1
1922,39,15,25,1,1.4,3,0,0,0,0,0,0
1923,45,19,22,1,0.2,1,0,0,0,0,1,0
1924,62,38,78,1,1.8,3,0,0,0,0,0,0
1925,43,19,81,1,0.3,1,218,0,0,0,1,0
1926,30,6,41,1,2.4,2,0,0,0,0,1,0
1927,35,10,62,3,2.3,1,0,0,0,0,0,0
1928,58,34,35,1,1.2,3,0,0,0,0,1,0
1929,44,19,30,1,0.6,3,0,0,0,0,1,0
1930,56,29,51,3,1.0,2,0,0,0,0,1,0
1931,28,2,140,2,2.0,1,0,0,0,0,1,0
1932,64,39,73,3,2.4,1,185,0,0,0,0,0
1933,63,39,40,4,1.2,2,0,0,0,0,1,0
1934,44,20,69,1,0.8,3,0,0,0,0,1,1
1935,34,9,191,1,4.8,3,0,1,0,1,1,1
1936,50,24,82,3,3.0,2,0,0,0,0,1,0
1937,51,25,181,1,3.3,3,589,1,1,1,1,0
1938,30,4,38,1,1.9,3,0,0,0,0,1,0
1939,55,31,23,2,0.2,1,0,0,0,0,1,0
1940,57,33,55,1,1.8,3,0,0,0,0,1,0
1941,43,19,58,2,3.2,1,0,0,0,0,1,0
1942,61,36,29,2,0.5,2,0,0,0,0,1,0
1943,49,23,39,4,2.6,1,0,0,0,0,0,0
1944,52,28,39,3,1.9,2,83,0,0,1,1,1
1945,57,33,30,3,1.5,1,151,0,1,0,1,0
1946,53,23,58,4,2.0,3,0,0,0,0,1,1
1947,52,28,62,1,1.8,3,231,0,0,0,1,0
1948,39,15,62,4,2.4,1,86,0,0,0,0,0
1949,58,34,19,1,1.2,3,0,0,0,0,0,0
1950,36,12,38,1,1.5,2,0,0,0,0,0,0
1951,45,21,84,4,2.0,3,0,0,0,0,1,1
1952,30,5,78,1,2.6,2,0,0,0,0,1,0
1953,49,25,22,4,0.2,1,83,0,0,0,1,0
1954,44,20,81,4,2.0,3,277,0,0,0,1,0
1955,43,17,32,3,0.5,2,0,0,0,0,1,0
1956,42,18,89,4,0.8,1,184,0,0,0,0,0
1957,29,4,121,2,3.3,1,0,0,0,0,1,0
1958,28,2,42,1,1.5,1,0,0,0,0,1,1
1959,50,24,130,1,1.0,1,0,0,0,0,0,0
1960,44,19,30,4,0.0,2,0,0,0,0,1,0
1961,52,26,114,1,4.9,1,0,0,0,0,0,0
1962,28,4,155,1,6.33,1,0,0,0,0,0,0
1963,62,38,50,2,1.1,1,0,0,0,0,0,1
1964,34,10,34,1,1.5,2,111,0,0,0,0,1
1965,45,20,94,3,0.5,3,0,0,0,0,1,0
1966,52,26,114,2,2.4,2,0,0,0,0,0,0
1967,43,18,89,3,0.5,3,108,0,0,0,0,1
1968,54,24,49,1,1.4,3,0,0,0,0,1,0
1969,64,38,115,1,2.0,1,0,0,0,0,1,1
1970,27,3,148,1,1.5,1,397,0,0,0,1,1
1971,42,17,72,4,1.1,2,203,0,0,0,0,1
1972,28,2,114,4,2.1,3,0,0,0,0,1,0
1973,47,22,11,2,0.0,1,78,0,0,0,0,0
1974,39,13,63,4,0.2,3,242,0,0,0,0,0
1975,29,3,113,2,0.2,1,0,0,0,0,1,1
1976,39,13,80,2,1.8,1,0,0,0,0,1,0
1977,41,15,54,3,0.5,3,0,0,0,0,1,1
1978,37,11,32,2,1.4,3,0,0,1,0,1,0
1979,41,17,11,1,1.0,1,0,0,0,0,0,0
1980,45,19,141,1,2.4,1,0,0,0,0,1,0
1981,52,26,84,3,3.0,2,0,0,0,0,1,0
1982,58,33,18,3,0.1,2,110,0,0,0,1,0
1983,31,5,20,2,0.3,1,0,0,0,0,0,0
1984,26,1,55,4,1.7,2,175,0,0,0,1,0
1985,31,7,31,4,0.4,2,79,0,0,0,0,0
1986,42,17,114,2,0.4,1,0,0,0,0,0,0
1987,56,31,52,3,2.0,2,0,0,1,1,1,1
1988,52,28,18,1,0.3,1,120,0,0,0,1,0
1989,59,35,55,1,1.8,3,0,0,1,0,0,0
1990,32,8,29,1,0.2,3,76,0,0,0,1,1
1991,46,22,30,3,0.5,1,0,0,0,0,0,0
1992,52,28,38,2,0.8,1,0,0,0,0,0,1
1993,30,5,122,2,3.1,1,0,0,0,0,0,0
1994,32,8,183,1,6.0,1,0,0,0,0,0,0
1995,35,11,41,1,2.4,2,0,0,0,0,0,0
1996,49,24,38,1,1.4,3,0,0,0,0,0,0
1997,54,30,61,1,1.8,3,0,0,0,0,1,0
1998,56,32,103,3,4.0,3,0,1,0,0,0,0
1999,48,22,80,2,2.4,2,0,0,0,0,1,0
2000,28,2,22,1,0.1,2,0,0,0,0,1,0
2001,44,17,128,2,3.25,2,0,1,0,0,0,1
2002,30,4,142,3,4.2,1,359,1,0,0,0,0
2003,44,20,124,1,4.7,1,0,0,0,0,1,1
2004,30,4,44,1,1.9,3,143,0,0,0,0,0
2005,47,23,170,2,6.5,2,0,1,0,1,1,1
2006,64,39,75,4,0.1,2,0,0,0,1,1,1
2007,48,21,78,3,2.0,2,0,0,0,0,1,1
2008,63,38,31,1,1.1,3,125,0,0,0,1,0
2009,25,0,99,1,1.9,1,323,0,0,0,0,0
2010,61,36,41,2,1.5,1,0,0,0,0,0,0
2011,46,21,39,4,0.0,2,0,0,0,0,1,0
2012,57,31,51,1,1.4,1,0,0,0,0,1,1
2013,40,15,52,3,0.8,3,113,0,0,0,1,0
2014,49,19,169,3,5.67,3,167,1,0,1,0,1
2015,30,5,141,1,0.8,1,0,0,0,0,1,0
2016,41,17,93,4,0.8,1,218,0,0,0,0,0
2017,42,15,14,3,1.0,2,0,0,1,0,0,0
2018,63,39,160,2,2.1,1,0,0,0,0,1,1
2019,43,17,44,1,0.2,1,0,0,1,1,1,0
2020,59,34,33,3,0.2,1,0,0,1,0,0,0
2021,46,20,103,4,4.8,3,0,1,0,0,1,0
2022,33,3,71,4,1.8,3,236,0,0,0,0,0
2023,55,29,55,1,0.2,1,151,0,0,0,1,0
2024,36,12,113,4,0.2,1,0,1,0,0,0,0
2025,47,20,79,3,2.0,2,185,0,1,0,0,0
2026,59,33,80,2,0.7,2,0,0,0,0,1,0
2027,38,12,179,2,0.0,1,380,0,0,0,0,0
2028,42,17,9,2,0.0,3,0,0,0,0,0,0
2029,30,3,61,4,2.0,2,0,0,0,0,1,0
2030,63,38,111,2,3.9,1,207,0,1,1,1,1
2031,60,35,80,3,0.5,1,0,0,0,0,1,0
2032,62,37,32,3,0.2,1,0,0,1,0,0,1
2033,49,23,83,1,0.3,1,0,0,0,0,1,1
2034,59,33,91,4,1.9,2,329,0,0,0,0,0
2035,36,10,29,4,1.0,1,0,0,0,0,1,1
2036,46,19,19,3,0.67,2,0,0,0,0,1,0
2037,35,8,52,2,1.0,2,0,0,0,0,0,1
2038,50,24,150,1,7.3,1,0,0,0,0,1,1
2039,51,25,32,2,0.4,3,0,0,0,0,1,0
2040,41,16,91,3,0.5,3,0,0,0,0,0,0
2041,45,20,180,3,8.5,2,535,1,0,0,0,0
2042,41,17,121,1,0.3,1,0,0,0,0,1,0
2043,57,32,25,2,0.2,3,0,0,0,0,1,1
2044,51,25,102,1,0.3,1,0,0,0,0,1,0
2045,52,28,44,4,0.9,2,107,0,0,0,1,0
2046,43,16,161,3,8.0,2,0,1,0,1,1,1
2047,63,38,134,3,4.0,2,0,1,0,0,0,1
2048,28,4,43,1,1.8,2,0,0,0,0,1,1
2049,43,18,94,4,1.1,2,0,0,0,0,1,0
2050,41,15,29,2,0.8,3,98,0,0,0,0,0
2051,34,8,38,4,0.2,1,0,0,0,0,0,0
2052,28,3,120,1,0.8,1,170,0,0,0,0,0
2053,58,32,85,2,2.0,1,161,0,1,1,1,1
2054,39,15,89,2,1.9,1,0,0,0,0,0,0
2055,49,23,25,1,1.4,3,0,0,0,0,1,0
2056,33,8,20,3,1.3,1,83,0,0,0,0,1
2057,37,12,125,2,3.9,1,0,0,0,0,1,1
2058,33,7,18,1,0.6,3,0,0,0,0,0,0
2059,28,3,173,2,6.7,1,222,0,0,0,1,0
2060,54,29,34,4,0.1,3,0,0,0,0,1,1
2061,63,38,159,4,4.9,2,111,1,0,0,0,0
2062,57,31,55,3,2.5,1,219,0,0,1,1,1
2063,56,30,32,2,0.4,3,0,0,0,0,1,0
2064,54,29,65,4,1.8,3,0,0,0,0,0,1
2065,29,5,83,3,1.5,1,0,0,0,0,1,1
2066,41,16,30,2,1.4,2,0,0,0,0,0,1
2067,58,32,180,1,2.9,1,0,0,0,0,0,1
2068,61,37,13,2,0.3,3,0,0,0,0,1,0
2069,30,4,35,4,0.8,1,0,0,0,0,1,1
2070,62,37,95,3,0.5,1,0,0,0,0,0,0
2071,52,28,83,1,0.0,1,0,0,0,0,1,0
2072,29,3,39,4,0.2,1,137,0,0,0,1,1
2073,46,20,54,1,0.7,3,154,0,0,0,1,1
2074,52,27,81,1,1.3,3,293,0,0,0,0,1
2075,40,16,53,4,2.0,3,0,0,0,0,0,0
2076,49,23,119,1,7.3,1,398,0,0,0,0,0
2077,34,9,160,4,8.0,3,0,1,0,0,0,1
2078,35,11,21,2,1.0,2,0,0,0,0,0,0
2079,26,2,40,1,1.0,3,0,0,0,0,1,0
2080,65,40,69,4,0.1,2,0,0,0,0,1,0
2081,52,27,45,1,1.3,2,0,0,0,0,0,0
2082,32,7,55,4,2.0,2,0,0,0,0,1,0
2083,31,7,38,1,0.2,3,0,0,0,0,1,0
2084,36,9,44,4,1.0,2,101,0,1,0,1,0
2085,50,24,45,3,0.6,2,117,0,0,0,1,0
2086,36,12,84,1,0.8,2,0,0,0,0,1,1
2087,51,27,188,2,6.9,2,343,1,0,0,1,0
2088,39,9,29,3,2.0,3,151,0,1,0,0,0
2089,53,29,95,1,2.7,2,0,0,0,0,1,0
2090,50,25,79,1,2.9,1,307,0,0,0,0,1
2091,31,4,41,1,2.0,2,0,0,1,0,1,0
2092,53,23,19,4,0.4,3,84,0,0,0,1,0
2093,48,23,75,4,3.6,3,0,0,0,0,1,1
2094,57,31,64,3,2.5,1,208,0,0,0,0,1
2095,47,21,174,4,3.2,3,0,1,0,0,0,0
2096,55,29,54,2,2.3,3,93,0,0,0,0,0
2097,37,11,14,3,0.1,2,113,0,0,0,1,0
2098,59,35,94,1,3.8,1,272,0,0,0,0,0
2099,53,29,10,2,0.4,1,0,0,0,0,0,0
2100,31,6,145,1,0.8,1,84,0,0,0,1,0
2101,35,5,203,1,10.0,3,0,1,0,0,0,0
2102,25,-1,81,2,1.6,3,0,0,0,0,1,1
2103,37,13,153,2,6.5,1,0,0,0,0,1,1
2104,40,14,58,4,0.2,3,0,0,0,0,1,0
2105,31,5,49,4,1.8,3,0,0,0,0,1,1
2106,62,38,132,1,2.9,1,0,0,0,0,0,0
2107,41,17,85,4,0.2,3,229,0,0,0,0,0
2108,56,32,85,3,2.67,1,0,0,1,0,1,0
2109,47,23,178,1,6.5,3,0,1,0,0,0,0
2110,28,4,104,3,2.5,1,0,0,0,0,0,0
2111,60,34,40,1,1.6,1,0,0,0,0,1,0
2112,27,2,103,1,1.9,1,120,0,0,0,1,0
2113,57,33,25,2,1.0,1,0,0,0,0,1,0
2114,62,36,69,2,1.7,3,0,0,0,0,1,0
2115,57,31,30,3,1.4,1,0,0,0,0,0,0
2116,44,17,70,3,2.67,2,0,0,0,0,0,0
2117,31,7,15,3,0.9,3,0,0,0,0,1,0
2118,31,5,125,2,1.3,1,0,0,0,0,1,1
2119,39,13,50,3,0.5,3,0,0,0,0,0,0
2120,41,17,44,1,0.3,3,0,0,0,0,1,0
2121,41,17,38,4,2.2,2,180,0,0,0,0,1
2122,55,29,64,3,0.8,1,119,0,0,0,0,1
2123,28,2,9,1,0.1,2,0,0,0,0,1,0
2124,35,9,44,3,0.9,1,89,0,0,0,0,0
2125,44,20,93,4,0.8,1,101,0,0,0,1,0
2126,44,19,83,4,0.4,1,141,0,0,0,0,0
2127,40,14,179,2,0.0,1,0,0,0,0,0,0
2128,65,40,40,1,1.1,3,0,0,0,0,0,0
2129,35,10,58,4,0.7,3,232,0,0,0,0,0
2130,55,31,74,3,2.67,1,0,0,0,0,0,1
2131,55,31,15,1,0.2,1,0,0,0,0,0,0
2132,59,35,11,2,1.0,1,0,0,0,0,0,1
2133,39,15,41,1,2.0,2,176,0,0,0,1,0
2134,50,24,68,1,1.5,2,120,0,0,0,1,1
2135,45,15,28,1,0.75,3,0,0,1,0,0,0
2136,50,26,115,1,1.2,3,0,1,0,0,0,1
2137,65,40,83,4,0.1,2,247,0,0,0,1,0
2138,36,11,40,2,1.1,2,166,0,1,0,0,0
2139,57,32,113,1,0.1,3,0,0,0,0,1,0
2140,53,27,89,1,0.8,3,0,0,1,0,1,0
2141,28,4,38,4,1.6,1,0,0,0,0,0,0
2142,55,31,62,4,1.5,1,0,0,0,0,1,0
2143,56,31,65,3,1.7,1,109,0,0,0,0,0
2144,33,6,168,3,5.67,2,0,1,1,1,1,0
2145,57,32,40,3,1.7,1,0,0,0,0,1,1
2146,27,3,30,1,1.0,3,80,0,0,0,0,0
2147,27,3,20,4,1.0,1,0,0,0,0,0,0
2148,54,30,58,2,3.2,3,0,0,0,0,0,0
2149,48,22,150,1,7.3,1,193,0,0,0,0,0
2150,62,38,54,1,0.8,1,0,0,1,0,0,1
2151,41,16,19,2,0.3,2,105,0,0,0,0,0
2152,62,38,30,3,0.1,3,128,0,0,0,1,0
2153,40,14,123,1,5.2,1,0,0,0,0,1,0
2154,32,8,45,1,2.4,2,0,0,0,0,0,0
2155,62,38,154,1,2.9,1,0,0,0,0,1,0
2156,35,11,93,2,2.7,1,0,0,0,0,1,1
2157,25,0,71,4,0.2,1,78,0,1,0,0,0
2158,50,25,83,4,3.1,1,0,1,0,0,0,1
2159,61,35,99,1,4.8,3,255,1,0,0,0,1
2160,43,17,55,3,2.2,2,0,0,0,0,0,0
2161,52,28,38,4,0.9,2,95,0,0,0,1,1
2162,39,13,74,3,0.9,2,155,0,0,0,1,0
2163,33,3,69,4,1.8,3,0,0,0,0,1,0
2164,27,3,104,2,2.5,1,184,0,1,0,1,0
2165,27,0,38,4,1.0,3,154,0,0,0,1,0
2166,32,8,25,3,0.9,3,0,0,0,0,1,1
2167,65,40,162,1,1.3,1,0,0,0,0,1,0
2168,55,29,64,4,2.6,3,0,0,0,0,1,0
2169,52,27,30,2,0.7,2,0,0,0,0,1,1
2170,39,13,52,3,0.5,3,0,0,1,0,0,1
2171,35,11,42,1,1.5,3,0,0,0,0,1,0
2172,39,15,79,2,1.8,2,219,0,0,0,0,0
2173,34,10,34,1,1.7,1,164,0,0,0,0,0
2174,30,5,123,2,3.1,1,0,0,0,0,1,0
2175,37,12,160,2,3.3,1,0,0,0,0,0,0
2176,41,14,51,3,2.33,2,0,0,0,0,1,0
2177,31,7,108,1,4.0,1,0,0,0,0,1,0
2178,37,13,158,2,2.3,2,0,1,0,1,1,1
2179,49,23,68,1,1.5,2,0,0,0,0,0,0
2180,58,33,42,2,1.6,3,0,0,0,0,1,0
2181,45,15,32,1,0.75,3,105,0,0,0,1,0
2182,40,14,22,2,1.4,3,0,0,0,0,0,0
2183,34,8,29,2,2.0,3,0,0,0,0,1,1
2184,62,36,183,2,3.4,3,0,1,0,0,0,0
2185,54,30,69,1,1.6,3,0,0,0,0,1,1
2186,26,2,92,2,0.2,1,0,0,0,0,1,0
2187,54,30,40,2,1.0,3,0,0,0,0,0,0
2188,29,4,9,4,0.5,3,86,0,0,0,1,1
2189,48,23,128,1,0.6,1,0,0,0,0,1,1
2190,27,3,110,2,0.2,1,294,0,1,0,0,1
2191,42,18,171,2,8.0,1,0,0,0,0,1,0
2192,25,1,13,4,1.0,1,95,0,0,0,0,1
2193,45,19,25,2,0.1,3,102,0,0,0,1,0
2194,34,9,123,1,1.6,2,0,1,0,0,1,0
2195,51,27,33,4,0.2,1,83,0,0,0,1,0
2196,51,24,189,4,4.75,2,0,1,0,0,1,0
2197,60,35,34,1,0.3,3,0,0,0,0,1,0
2198,59,35,58,1,0.0,2,0,0,0,0,1,0
2199,49,24,51,1,1.3,2,98,0,0,0,0,1
2200,50,25,29,2,1.3,1,0,0,0,0,0,0
2201,41,16,111,2,0.4,1,0,0,0,0,0,0
2202,49,24,43,4,1.9,3,0,0,0,0,1,0
2203,50,25,130,1,0.6,1,311,0,0,0,0,0
2204,63,37,20,2,0.4,1,76,0,0,0,0,0
2205,63,37,101,2,2.8,1,0,0,0,0,0,0
2206,33,7,48,4,2.2,2,207,0,0,0,0,0
2207,38,12,180,1,2.8,3,158,1,0,0,1,0
2208,64,40,92,2,0.0,3,185,0,1,0,1,0
2209,36,10,33,3,0.9,1,0,0,0,0,0,0
2210,58,33,51,2,1.9,2,0,0,0,0,0,0
2211,39,14,31,2,1.4,2,94,0,0,0,1,1
2212,46,22,83,1,2.7,1,0,0,0,0,1,0
2213,61,37,45,1,0.8,1,0,0,0,0,0,0
2214,53,27,89,1,0.8,3,146,0,0,0,1,1
2215,28,3,193,3,4.0,2,0,1,0,0,1,0
2216,64,40,89,1,3.8,1,0,0,0,0,0,0
2217,48,24,162,4,3.3,2,446,1,0,1,1,0
2218,38,13,9,2,0.3,2,0,0,0,0,0,0
2219,52,22,58,4,2.0,3,223,0,0,0,1,0
2220,65,40,80,1,0.8,3,0,0,0,0,1,0
2221,59,33,73,2,1.7,3,0,0,0,0,1,1
2222,45,20,41,1,0.3,1,0,0,0,0,1,0
2223,53,28,74,3,2.0,2,0,0,1,0,0,0
2224,38,12,29,2,1.4,3,0,0,0,0,1,0
2225,54,24,25,4,0.4,3,115,0,0,0,0,0
2226,25,1,98,1,5.4,1,0,0,0,0,1,0
2227,61,35,59,4,1.7,2,0,0,0,0,1,1
2228,48,23,43,4,1.9,3,0,0,0,0,1,0
2229,46,22,72,4,1.4,2,149,0,0,0,1,1
2230,36,11,183,1,3.0,3,0,1,0,1,1,1
2231,46,20,134,1,5.7,1,146,0,1,0,1,0
2232,59,33,140,2,0.5,1,262,0,0,0,1,0
2233,59,35,39,1,1.8,3,0,0,0,0,1,0
2234,36,12,35,4,0.4,2,0,0,0,0,1,0
2235,63,37,141,2,6.9,1,0,0,0,0,1,1
2236,51,24,23,1,0.5,2,0,0,0,0,1,0
2237,30,5,134,1,0.0,1,0,0,0,0,1,1
2238,48,22,35,1,1.4,3,0,0,0,0,1,0
2239,55,29,42,4,2.5,1,0,0,1,0,0,0
2240,41,17,81,4,0.2,3,167,0,1,0,0,0
2241,26,0,14,4,0.4,1,94,0,0,0,1,0
2242,41,17,45,1,1.8,1,172,0,1,0,1,0
2243,54,28,79,3,1.7,2,150,0,0,0,1,1
2244,57,31,53,1,0.8,2,120,0,0,0,0,0
2245,54,28,33,2,0.7,2,0,0,0,0,0,1
2246,35,11,190,3,3.1,2,266,1,0,0,0,0
2247,60,34,60,1,2.5,3,103,0,0,0,0,0
2248,63,37,8,1,0.8,2,97,0,0,0,1,0
2249,41,14,38,3,1.0,2,150,0,0,0,1,0
2250,46,22,154,1,5.0,1,0,0,0,0,1,0
2251,31,5,54,4,2.2,2,0,0,0,0,0,0
2252,58,32,41,3,1.4,1,0,0,0,0,1,0
2253,59,35,25,2,0.3,1,75,0,0,0,1,0
2254,46,22,53,2,1.7,1,109,0,0,0,0,0
2255,33,9,79,1,0.1,1,0,0,0,0,1,0
2256,56,31,13,4,0.9,2,76,0,0,1,1,1
2257,47,23,130,2,1.4,1,0,0,0,0,0,0
2258,59,33,93,2,0.7,2,0,0,0,0,0,0
2259,24,0,82,3,0.8,1,0,0,0,0,1,0
2260,39,14,15,2,0.3,2,92,0,0,0,0,0
2261,30,3,150,4,5.0,2,0,1,0,0,1,0
2262,55,29,131,2,0.7,2,0,1,0,0,0,1
2263,47,21,28,3,1.5,1,0,0,0,0,1,0
2264,35,11,9,4,0.7,2,0,0,0,0,1,0
2265,47,23,88,4,1.4,2,0,0,0,0,0,0
2266,38,13,143,1,4.1,1,0,0,0,0,0,0
2267,38,13,168,2,1.3,3,0,1,0,0,0,0
2268,27,3,105,1,3.0,2,0,1,1,0,0,0
2269,42,18,62,3,2.1,3,0,0,0,0,1,0
2270,26,2,51,4,2.6,1,0,0,0,0,1,0
2271,60,34,101,3,4.4,1,0,0,0,0,1,1
2272,27,3,90,3,0.8,1,0,0,0,0,1,0
2273,27,1,83,4,2.1,3,0,0,0,0,1,1
2274,40,15,21,2,0.0,3,0,0,0,0,1,0
2275,40,16,115,1,3.4,1,0,0,0,0,1,0
2276,29,3,172,4,4.4,1,0,1,0,0,0,0
2277,30,6,32,2,1.0,2,0,0,0,0,0,0
2278,30,4,204,2,4.5,1,0,0,0,0,1,0
2279,47,23,34,4,0.6,1,0,0,0,1,1,1
2280,33,7,30,2,2.0,3,132,0,0,0,0,0
2281,57,32,31,3,1.3,2,0,0,0,0,1,1
2282,38,14,90,2,2.7,1,0,0,0,0,1,1
2283,54,28,79,4,2.6,3,0,0,0,0,0,0
2284,47,23,22,4,0.6,1,0,0,0,0,1,1
2285,48,22,114,1,2.4,3,0,1,0,0,1,0
2286,62,36,42,1,0.5,3,128,0,0,0,1,0
2287,30,6,29,1,0.2,3,90,0,0,0,1,0
2288,35,11,72,3,2.6,2,0,0,0,0,1,0
2289,59,35,68,1,1.8,3,95,0,0,0,0,0
2290,38,13,78,4,0.7,3,0,0,0,0,1,0
2291,47,23,90,1,2.7,1,323,0,0,0,0,0
2292,57,33,170,2,2.1,2,0,1,0,0,0,0
2293,42,17,14,2,0.1,2,0,0,0,0,1,0
2294,39,15,129,2,1.9,1,0,0,0,0,0,0
2295,53,23,39,3,1.0,3,87,0,0,0,1,0
2296,27,3,82,2,0.2,1,0,0,0,0,0,1
2297,59,35,31,3,0.4,2,0,0,0,0,1,1
2298,48,24,9,4,0.5,2,0,0,0,0,0,1
2299,62,37,15,3,0.1,3,91,0,0,0,0,0
2300,66,41,70,3,2.2,1,0,0,0,0,0,0
2301,38,13,84,4,0.7,3,0,0,0,0,0,0
2302,42,17,155,1,7.0,1,0,0,0,0,0,1
2303,47,21,89,2,0.8,3,0,0,0,0,1,1
2304,27,2,170,3,4.7,1,0,1,0,0,1,0
2305,32,7,185,2,6.7,1,0,0,0,1,1,1
2306,37,13,82,2,2.2,1,0,0,0,0,0,0
2307,56,31,60,3,1.7,1,0,0,0,0,1,0
2308,39,13,58,2,2.4,2,0,0,0,0,1,0
2309,36,12,29,1,1.33,1,81,0,0,0,1,0
2310,32,6,32,2,0.3,1,0,0,0,0,0,0
2311,62,37,115,4,3.4,2,0,0,0,0,1,1
2312,48,22,83,2,2.4,2,0,0,0,0,1,0
2313,58,32,54,3,0.3,2,0,0,0,0,1,1
2314,27,2,112,4,1.8,3,0,0,1,0,1,0
2315,52,26,182,2,1.4,2,0,1,0,0,1,0
2316,54,30,112,2,6.8,1,0,0,0,0,1,0
2317,31,5,129,3,5.9,3,319,1,1,1,0,1
2318,60,34,23,1,0.8,2,112,0,0,0,1,0
2319,34,9,198,2,3.0,1,422,0,0,0,1,0
2320,46,22,84,4,2.0,3,0,0,0,0,1,0
2321,41,15,39,3,0.5,3,0,0,0,0,0,0
2322,62,37,129,1,1.3,1,0,0,0,0,1,0
2323,31,7,113,2,2.0,2,315,0,0,0,0,0
2324,41,11,35,1,0.75,3,114,0,0,0,1,0
2325,55,30,85,1,0.1,3,0,0,0,0,0,0
2326,45,19,73,4,2.9,1,0,0,0,0,0,0
2327,51,25,70,1,0.8,3,0,0,1,0,1,0
2328,27,2,130,3,4.4,1,192,1,0,0,1,0
2329,30,4,39,1,1.5,1,0,0,0,0,1,0
2330,31,5,72,4,1.8,2,242,0,0,0,1,1
2331,61,37,68,4,2.3,3,0,0,0,0,0,0
2332,40,16,35,1,1.4,3,0,0,0,0,1,1
2333,45,21,61,3,0.7,1,0,0,1,1,1,1
2334,45,21,69,4,1.9,1,0,0,0,0,0,0
2335,37,13,59,1,3.6,2,0,0,0,0,0,0
2336,34,8,99,2,4.5,3,217,0,0,0,0,0
2337,43,16,201,1,10.0,2,0,1,0,0,0,1
2338,42,18,130,2,7.5,1,0,0,0,0,0,1
2339,56,31,72,3,2.0,2,0,0,0,0,0,0
2340,33,9,44,1,1.2,1,0,0,0,0,0,0
2341,36,10,91,1,1.5,3,289,0,0,0,1,0
2342,62,37,92,3,0.5,1,310,0,0,0,1,0
2343,58,34,55,1,0.8,1,168,0,0,0,1,1
2344,65,40,20,3,0.5,1,102,0,0,0,1,1
2345,65,40,89,1,4.1,1,299,1,0,1,1,0
2346,52,26,59,2,1.5,2,239,0,0,0,0,1
2347,64,39,8,3,0.1,3,87,0,0,0,0,1
2348,51,25,85,4,4.9,1,0,0,0,0,1,1
2349,59,35,94,1,4.3,1,76,0,1,1,1,0
2350,52,28,22,2,0.4,1,0,0,0,0,1,1
2351,55,31,74,2,3.2,3,0,0,0,0,1,1
2352,46,19,59,3,2.67,2,0,0,0,0,0,0
2353,61,36,12,4,0.6,2,0,0,0,0,1,1
2354,35,9,8,1,0.4,2,0,0,0,0,1,0
2355,56,31,74,3,1.6,3,0,0,0,0,1,1
2356,31,5,184,4,3.4,2,0,1,0,1,1,1
2357,44,19,34,4,0.0,2,0,0,0,0,0,0
2358,53,27,63,2,0.8,3,0,0,1,0,1,0
2359,36,12,123,2,5.6,2,0,1,0,1,1,1
2360,27,1,85,2,1.6,3,0,0,0,0,0,0
2361,36,12,109,3,0.5,3,0,1,1,1,1,0
2362,40,15,31,1,0.6,3,0,0,0,0,1,0
2363,39,13,61,2,2.4,2,90,0,0,0,1,0
2364,59,35,88,2,1.6,1,0,0,0,0,0,1
2365,43,18,22,2,0.3,2,0,0,0,0,0,0
2366,30,4,63,4,2.2,2,0,0,1,0,1,0
2367,26,1,80,4,0.2,1,0,0,0,0,1,1
2368,48,22,78,3,2.1,1,0,0,0,0,1,1
2369,50,24,45,4,0.1,1,93,0,0,0,1,0
2370,33,7,51,4,2.1,3,0,0,0,0,0,1
2371,32,6,111,2,1.5,3,0,0,0,0,0,0
2372,34,10,45,3,2.8,1,153,0,0,0,1,1
2373,33,9,184,2,4.8,2,0,1,0,0,0,0
2374,32,5,41,2,1.0,2,112,0,1,0,1,0
2375,55,30,69,4,1.3,3,0,0,1,1,1,1
2376,58,33,23,3,0.2,1,0,0,0,0,0,0
2377,47,23,160,2,6.67,1,0,0,0,0,0,0
2378,30,5,61,1,0.8,2,251,0,1,1,1,0
2379,42,18,110,2,6.1,1,182,0,0,0,1,0
2380,40,16,50,2,0.6,3,0,0,0,0,0,0
2381,33,9,49,1,2.4,2,0,0,0,0,1,0
2382,46,20,185,4,7.5,2,428,1,0,0,0,1
2383,63,39,52,2,1.1,1,0,0,0,0,1,1
2384,62,37,53,2,2.8,1,0,0,0,0,1,0
2385,43,17,125,4,3.5,2,0,1,0,0,0,0
2386,31,5,72,3,1.6,1,0,0,0,0,1,0
2387,28,2,51,4,1.8,3,0,0,0,0,0,1
2388,64,39,23,3,0.5,1,0,0,1,0,0,0
2389,27,1,41,1,1.9,3,0,0,0,0,0,1
2390,33,9,41,3,2.0,1,108,0,0,0,1,0
2391,39,12,138,1,4.67,2,0,1,0,0,1,0
2392,44,20,138,2,3.3,1,0,0,0,0,0,1
2393,53,28,14,4,0.8,1,0,0,0,0,1,1
2394,42,18,145,2,8.0,1,505,0,0,0,0,0
2395,44,17,25,3,1.0,2,0,0,0,0,0,1
2396,34,10,43,1,1.7,1,142,0,0,0,0,1
2397,47,22,93,1,0.2,2,309,0,0,0,1,0
2398,53,29,90,2,0.3,1,217,0,1,0,0,1
2399,62,36,41,2,1.0,3,154,0,1,0,1,0
2400,61,36,169,2,6.1,3,106,1,0,1,1,1
2401,42,17,63,2,2.2,3,0,0,0,0,1,0
2402,48,21,23,3,0.67,2,95,0,0,0,0,0
2403,38,13,140,4,0.5,1,0,1,0,0,0,0
2404,41,15,75,1,1.5,3,0,0,0,0,1,0
2405,57,32,13,4,0.9,2,78,0,1,0,1,0
2406,31,7,10,1,0.5,3,81,0,0,0,1,0
2407,39,15,100,1,0.8,2,0,0,0,0,1,0
2408,48,22,85,3,1.1,1,203,0,0,0,1,0
2409,55,31,73,3,2.67,1,219,0,0,0,1,0
2410,29,4,130,2,6.7,1,0,0,0,0,0,1
2411,47,22,65,3,2.7,2,0,0,0,0,1,0
2412,61,36,59,4,1.7,1,148,0,0,0,0,0
2413,60,34,31,2,1.0,3,0,0,0,0,0,0
2414,34,10,134,1,4.0,1,0,0,0,0,0,0
2415,45,21,11,4,0.2,1,106,0,0,0,1,1
2416,60,35,32,1,0.3,3,80,0,0,0,1,0
2417,25,0,53,2,1.6,3,0,0,0,0,1,1
2418,41,17,28,1,0.7,1,0,0,0,0,0,1
2419,63,37,44,2,1.0,3,0,0,0,0,1,0
2420,63,39,40,1,0.8,1,118,0,0,0,0,1
2421,43,19,40,3,0.6,2,0,0,0,0,1,0
2422,58,32,163,2,0.5,1,400,0,0,0,0,0
2423,50,25,82,1,1.3,3,0,0,0,0,1,0
2424,38,12,89,4,1.4,2,0,0,0,0,0,0
2425,54,30,78,4,1.6,2,0,0,0,0,1,1
2426,61,36,55,3,0.9,3,197,0,0,0,0,0
2427,29,5,34,4,0.4,2,0,0,0,0,1,0
2428,39,12,108,4,3.67,2,301,1,0,0,0,1
2429,33,7,58,4,2.2,2,0,0,0,0,1,1
2430,23,-1,73,4,2.6,1,0,0,0,0,1,0
2431,56,31,54,4,2.1,1,0,0,0,0,1,0
2432,54,30,45,4,0.9,2,0,0,0,0,0,1
2433,37,11,123,1,2.3,2,0,1,1,1,1,0
2434,38,12,93,1,5.2,1,267,0,0,0,1,0
2435,34,9,102,4,2.2,2,0,0,0,0,1,0
2436,53,29,39,3,1.5,1,0,0,0,0,1,0
2437,65,40,114,4,3.4,2,0,0,0,0,0,1
2438,62,37,29,1,0.3,3,0,0,0,0,0,1
2439,51,25,30,3,0.6,2,144,0,0,0,0,1
2440,31,5,22,1,0.6,3,0,0,0,0,0,0
2441,64,38,38,2,0.3,1,186,0,0,0,1,1
2442,39,15,41,2,1.7,1,0,0,0,0,0,0
2443,28,3,161,4,1.7,3,422,1,0,1,1,1
2444,60,35,38,3,0.5,2,0,0,0,0,1,1
2445,47,23,25,1,0.9,3,0,0,0,0,1,0
2446,25,1,70,4,2.6,1,218,0,0,0,1,0
2447,44,19,201,2,8.8,1,0,0,0,0,1,1
2448,51,26,42,2,0.6,3,0,0,0,0,1,1
2449,31,7,64,1,1.2,1,0,0,0,0,1,0
2450,32,7,28,4,1.1,3,0,0,0,0,0,0
2451,51,25,119,1,4.9,1,208,0,0,0,1,1
2452,25,1,28,1,1.0,3,0,0,0,0,1,0
2453,43,19,60,3,2.1,3,0,0,0,0,1,0
2454,54,29,23,1,1.5,2,0,0,0,0,0,0
2455,34,8,164,4,7.4,3,0,1,0,0,1,0
2456,54,30,39,2,0.8,1,0,0,0,0,0,1
2457,42,17,19,2,0.0,3,85,0,0,0,1,1
2458,46,20,72,2,0.8,3,0,0,0,0,1,1
2459,62,37,41,3,0.9,3,0,0,0,0,1,1
2460,31,5,32,2,0.3,2,130,0,0,0,1,0
2461,30,5,69,1,0.8,2,0,0,0,0,1,0
2462,52,28,23,3,0.4,1,0,0,0,0,1,0
2463,35,9,44,4,0.2,1,0,0,0,0,1,0
2464,60,36,32,3,0.4,2,165,0,0,0,1,0
2465,58,34,25,2,0.3,1,123,0,0,0,1,0
2466,24,-2,80,2,1.6,3,0,0,0,0,1,0
2467,40,16,83,1,0.8,2,230,0,1,0,1,0
2468,49,23,133,1,7.3,1,0,0,0,0,1,1
2469,43,18,89,1,0.1,2,307,0,0,0,0,1
2470,33,7,81,2,4.5,3,187,0,0,1,1,1
2471,36,11,44,2,1.1,2,85,0,0,0,1,0
2472,62,36,119,2,2.0,1,0,0,0,0,0,0
2473,57,32,39,4,0.9,1,147,0,0,0,0,0
2474,64,38,40,2,1.0,3,0,0,0,0,0,0
2475,52,26,79,3,0.8,1,183,0,0,0,0,0
2476,54,28,30,4,0.7,2,0,0,0,0,1,0
2477,40,14,179,1,2.6,3,0,1,0,0,1,0
2478,30,5,178,2,6.7,1,0,0,0,0,0,0
2479,55,30,82,4,3.8,2,0,0,0,0,1,0
2480,39,13,50,2,2.4,2,0,0,0,0,0,0
2481,55,30,64,2,1.9,2,0,0,0,0,0,0
2482,28,4,129,1,1.5,1,0,0,0,0,0,1
2483,44,18,68,4,2.9,1,0,0,1,0,0,0
2484,46,21,30,1,1.4,3,112,0,1,0,0,0
2485,61,36,48,3,1.5,1,0,0,0,0,0,1
2486,61,36,130,1,1.3,1,257,0,0,0,0,0
2487,45,20,40,1,0.5,3,0,0,1,0,1,0
2488,38,14,105,2,1.9,1,0,0,0,0,1,0
2489,29,3,41,4,0.2,1,0,0,0,0,1,0
2490,52,28,168,3,6.5,3,118,1,0,0,1,0
2491,38,14,80,2,2.7,1,0,0,0,0,1,0
2492,28,3,134,2,3.1,1,0,0,0,0,1,0
2493,34,9,49,1,2.5,3,0,0,0,0,0,0
2494,35,9,63,2,1.8,1,0,0,0,0,1,0
2495,46,22,70,4,1.9,1,212,0,0,0,0,1
2496,63,37,32,3,0.7,2,141,0,0,0,0,0
2497,33,9,14,3,0.9,3,114,0,0,0,0,0
2498,38,14,111,2,6.1,1,326,0,0,0,0,0
2499,53,27,38,4,2.8,2,144,0,1,0,1,0
